SITE NAME,DEALER,PHYSICAL ADDRESS,Suburb,TEL NO,FAX NO,CELL NO,Custodian
Abisha Motors,Rita Kruger,Troye Str Sunnyside Pta,I North,012 440 4244,012 440 4245,082 468 8656 ,Willem Goudriaan
Abrona,Du Breez Leon,"530 Bekker Street.Vorna Valley,Midrand",3rd North,011 3121741,011 3121045,082 672 7200,Muneer Patel
ADMIN S.S,LOWEN MAUPA,"2169 MASAKHANE STR, ADMIN BLOCK",G East,,(011) 622 9980,083 326 3996,closed
Adriaana,Van Rensberg Adiana,157 Main Reef Road. Lewisham,3rd West,,,,Clint Gali
Albys,Molensdorff Rina,40 Magaliesburg Road. Elandsrand,3rd North,012 5491572,012 5491573,n\a,Willem Goudriaan
Alexandra Service Stn,Mark Maitland,Cnr Rooseveldt & ,G Centr,072 338 8838,,,Nkosinathi
ALFA BOKSBURG,MOHAMMED ESSOP,"234 COMMISSIONER STR, BOKSBURG",G East,(011) 917 - 9536,(011) 917 - 2091 ,083 276 1244,Muneer Patel
ALL AFRICA VILLAGE,Vincent Molokwu,2981  Far East Bank Ext 4,G Centr,011-264 5901,,,Nkosinathi
Allandale,Moebeen Dassoo,Allandale Rd Geln Austin,G Centr,310-8171,310-9689,082-491-0587,Nkosinathi
ALPHEN PARK MOTORS ,JOHAN DE BEER,"15 MERCURY ST ALPHEN PARK, BENONI",G East,(011) 894 - 6312,(011) 894 - 3210,082 557 3581,Muneer Patel
Annlin Plaza ,,,3rd North,,,,CLOSURE
ARCON PARK F/STN ,PEET DU PREEZ,"Cnr Arum & Lee Street, Arcon Park ",G SW,016 - 428 3261,016 - 428 5391,083 266 3386/5,Clint Gali
ARMSTRONG 1 S/STN ,ARMSTRONG MOTALE ,"4497 Moshoeshoe Road, Sebokeng ",G SW,016 - 594 4980,Ask,083 397 2375,Clint Gali
ARMSTRONG 2 S/STN ,ARMSTRONG MOTALE ,"2 Vilakazi Road, Sebekeng ",G SW,016 - 594 4980,Ask ,083 397 2375,Clint Gali
ARMSTRONG 3 S/STN ,ARMSTRONG MOTALE ,"394 Adams Road, Sebokeng ",G SW,016 - 594 4980,Ask ,083 397 2375,Clint Gali
Armstrong Auto S/Stn,ARMSTRONG MOTALE ,"Main Reef Rd, Langlaagte",3rd South,,,,Clint Gali
Atlas Rd S/Stn,W.Olivier,DeHaviland Av. Boksburg East,3rd East,011x8947165,011x8947164,082 557 7547,Muneer Patel
Auto Mart,Howard Buck,Central St Kempton park,G Centr,975-0793,394-2331,084-404-0004,Nkosinathi
Avondale S/S (De Beers ss),S. DE Beer,Pretoria Rd. Primrose Germiston,3rd East,011x8288174,011x8288174,084 706 6941,Muneer Patel
Avonlea,Willie Ludick,Fourth Rd Bredell,G Centr,396-2023,396-2615,082-899-1367,Nkosinathi
Azzurri Conv CEN,Rob Dubbini,"12 Mouton Rd, Horizon View",G Centr,763 3256,762 3410,083 400 9944,Nkosinathi
Bachmann Motorhawe,Gert v Vuuren,Doreen & frans du Toit St Rosslyn,I North,012 541 3034,012 541 5042,082 470 7013,Clint Gali
Bakenkop,Willem Potgieter,Theuns v Niekerk St Wierdapark,G Centr,653-4139,653-2471,082-556-5723,Nkosinathi
Bakers Garage,Len Baker,12 Thabo Mbeki Street,I North,015-295-4641,015 295 3105,,Willem Goudriaan
BASIC MOTORS ,VICTOR SITHOLE ,"CNR 5620 BEN NAUDE DRIVE & IMMUNIL, DIEPKLOOF, SOWETO ",G SW,011 - 985 1075,011 - 982 5511,083 375 4555,Clint Gali
Basil Orr,Basil  Orr,Randfontein Road Westonaria,3rd South,011x7515547,011x7541777,073 149 4697,Clint Gali
Bassonia CC,NAINESH SEETHA,"Cnr Comaro & Soet Doering, Bassonia ",G SW,011 - 432 3680,011 - 432 3082,083 680 7985,Clint Gali
Basson's Conv Ctr.,Stoffel & Eileen Gebhardt,"Cnr Ham & General Pienaar streets, Witpoortjie",G Centr,664 7210,955 3124,082 878 1997,Nkosinathi
BATEBANG S.S,OUPA RAKOSA,"819 MAPHIKE STR, RAMOKONOPI SECTION, KATLEHONG",G East,(011) 905 4890,(011) 860 1889,082 453 2837,Muneer Patel
BAYLEY STREET MOTORS,PETER MATHEWS ,6 BAYLEY ST FARRARMERE,G East,(011) 425 - 1041 ,(011) 425 - 1041,082 887 2195,Muneer Patel
BB Motors s/s,Harriet Hofsink,987 Pieneef Drive. Villieria,3rd North,012 3295849,012  329-9869,083 979 6822,Muneer Patel
Behrens Garage,Org Joubert,Hendrik Verwoerd Ave Brits,I North,012 252 3335,012 252 3568,082 450 6887,Clint Gali
BELAPHIL,KALLIE PAXTON,"176 KINGFISHER AVE, FREEWAY PARK, BOKSBURG",G East,(011) 893-2018/9  ,(011) 893 - 2017 ,082 561 5866,Muneer Patel
Belfast 1 Stop,Fritz Van Der Merwe,"N4 Main Road, Belfast",1 STOP,013 2530433,013 2530841,082 898 3926,Muneer Patel
Belladonna Motors,Kenny Sonnekus,"67 Belladonna Rd, Nelspruit",I North,013 741 2217,013 741 2217,082 889 9562,Willem Goudriaan
Berea,CLOSED,,3rd North,,,,Muneer Patel
Berea Conv Cen.Nth,Shadrack Khumalo,Andries Str Berea Pta,I North,012 322 8934,012 322 8935 ,072 330 9648,Willem Goudriaan
Beverley Hills s/s,DIMAKATSO RAMUBUSA ,"843 Hollywood Road, Beverley Hill s",G SW,016 5820631,016 - 429 - 3671,082 737 8636,Clint Gali
Big Boy,Sebesebe Bigboy,Main Rd. Ga - Masemola,3rd North,015 6336111,015  6336111,082 452 1012,Willem Goudriaan
BILTON RET CEN,JULIUS SCHWARTZ,"15 BUNYAN STREET, BENONI",G East,(011) 421 9149,(011) 421 5681,082 463 8750,Muneer Patel
Birchleigh CC,Thabo Tlhakoane,Elgin Rd Birchleigh,G Centr,972-5650,972-5552,084-405-5915,Nkosinathi
Birchleigh North,David Gregory,Mooifontein Rd ,G Centr,011-972 5111,,,Nkosinathi
BLANCHEVILLE RET CEN,JOHAN LABUSCHAGNE,"JOUBERT STR BLANCHEVILLE, WITBANK",G East,(013) 650 2048,(013) 243 4452,082 893 7100,Muneer Patel
BLINKWATER MOTORS,HANNES SWART,MAIN ROAD STOFBERG,G East,(013) 271 0025,ASK,072 186 0251,Muneer Patel
Blockhouse 1 Stop North,Ralph Ellis,"R59 Highway, Daleside",1 STOP,016 3660335,016 3661420/1,083 266 9132,Muneer Patel
Blockhouse 1 Stop South,Ralph Ellis,"R59 Highway, Daleside",1 STOP,016 3660335,016 3661420/1,832669132,Muneer Patel
Blue Haze Fill Stn,Paul Bruce-Brand,"Blue Haze Cen, Hazyview",I North,013 737 7018,013 737 7018,083 448 6150,Willem Goudriaan
Boshoek Garage,Willie Broodryk,Main Str Boshoek,I North,014 573 3556,014 573 3233,083 235 2288,Clint Gali
Boss  Ser Stn,Kobus Horn, 3184 Block L Soshanguve,I North,012 799 7884,,082 622 2004,Willem Goudriaan
Bosveld Motors,Abrie Jansen van Vuuren,"2 Wells Str, Lephalale",I North,014 763 4587,014 763 3491,082 468 8674,Willem Goudriaan
Bowers Garage,Adrie Botha,12 Witklip Street Ladana,I North,015-293-0229,015 293 0229,082-965-9007,Willem Goudriaan
BRA THOMS ,LUCKY MELOA ,"3446 Adams Road, Sebokeng ",G SW,,,083 237 6912,Clint Gali
Brackenten s/s,SIEG / HENNIE GROENEWALD,CNR 24 DE WAAL SOETDORING ST BRACKEN DOWNS ,G SW,011 - 867 3638,011 - 867 2699,082 3391 252,Clint Gali
Brackenview s/s,DIPS NAIK ,43 HENNIE ALBERTS ST BRACKENHURST ,G SW,011 - 867 3526/7,011 - 867 3528,082 4470 268,Clint Gali
Bramley,Aziz Merchant,Louis Botha Ave,G Centr,011-440 1621,,,Nkosinathi
BRENTEL MOTORS,FERNANDO & GREG SOARES,86 ANDRIES PRETORIUS ST EASTLEIGH EDENVALE,G East,(011) 452 - 6303,(011) 452 -6302,082 927 6236,Muneer Patel
BRENTWOOD S/STN,DUNCAN MCINTYRE,"CNR CELIEA NESTADT & GREAT NORTH RD, BRENTWOOD PARK",G East,(011) 973 - 3003,(011) 973 - 5459,082 777 7566,Muneer Patel
Bridge S/Stn,E. Moosa,Commissioner St. Boksburg,G East,011x9145170,011x4215805,822534857,Muneer Patel
Britsweg,Willie Van Heerden,Brits Road. Tileba,3rd North,012 5655621,012 5656489,,Willem Goudriaan
BROADWAY CONV CEN,CHRIS COETZEE,C/O DIEDERICKS ST,G East,(656 - 3057,656 - 3057,082 440 3000,Muneer Patel
Bromhof S.S ,Rafik Mahomed ,"Cnr Tin Rd & CR Swart Dr, Bromhof, Randburg",G Centr,792-1564,n/a ,082-678-0639,Nkosinathi
Brooks Motors,John Lansdell,"98 Landros Maree Str, Pietersburg",I North,015 297 1106,015 297 4292,084 585 8300,Willem Goudriaan
Bryanston CC ,Sohail Shaik,"11 Sloane St, Epson Downs, Bryanston",G Centr,706-7125,706-1492,083-660-4989,Nkosinathi
Bryanston Service City (Zenex),Adam Jhavary ,"8 Peter Place, Bryanston",G Centr,706-5997,463 3068,082-774-6922,Nkosinathi
Bush Hill Zenex,Schalk Grunow,Cnr Duikers & Beyers Naude Dr,G Centr,794-4466,794-7973,082-900-0006,Nkosinathi
C & B s/s,Bharat Bullha,1 George Ave,G Centr,011-640 3198,,,Nkosinathi
C & M Motors,Justin du preez,"37 Mphemphu Str, Sibasa",I North,015-963-1384,015 963 1384,082-898-5323,Willem Goudriaan
CAMBRIDGE MOTORS,WILLEM LABUSCHER,"102 CAMBRIDGE STR, FARRAMERE. BENONI",G East,(011) 849 6713,(011) 425 2875,083 325 6681,Muneer Patel
CAMPUS MOTORS,NAZIR TALIA,Perth / Lewis Rd Wstdene,G SW,011 - 726 2205,011 - 482 2244 ,082 320 6454,Clint Gali
CARNIVAL CITY SERVICE STN,LIJANE MAQELEPO,"HEIDELBERG RD & R554, DALPARK BRAKPAN",G East,(011) 915 - 8259,(011) 915 - 4270,083 395 3742,Muneer Patel
CAROLINE CONV. CEN,ZAKHELE RADBE ,"6568 MOOKI STREET, ORLANDO EAST ",G SW,011 - 935 1712,011 - 935 1027,082 436 2553,Clint Gali
CASSELDALE RET CEN,WILLEM/AMANDA GROBLER,"1 CLYDESDALE ROAD, CASSELDALE, SPRINGS",G East,(011) 812 1064 ,(011) 815 2331 ,083 289 1720,Muneer Patel
Castlewalk,Jan Kruger,Nossob St Erasmuskloof,G Centr,347-6004,347-6004,082-553-0060,Nkosinathi
CENTRE S.S,DAVID MOTSHWENI,"20059 EISELEN STR, DAVEYTON",G East,(011) 424 7021,ASK,082 901 6378,Muneer Patel
Centurion Motors,van Rensburg Christo,Lenchen Avenue South. Centurion,3rd North,012 6634718,012 6634738,083 4538215,Closure
Centurionpark,Paul Richards,Heuwel Ave Centurion,G Centr,663-8818,663-5064,082-572-1734,Nkosinathi
Cewe Diensstasie,Christine Wenhold,Botha Street Northam,I North,014 784 0518,014 784 0518,083 499 7478 ,Clint Gali
CJ ss,Claude Comoroff,Rustenburg Rd Victorypark,G Centr,888-2718,888-4391,076-721-1495,Nkosinathi
Clewer F/Stn,T.Sherhzad,Ascot Ave. Clewer Witbank,3rd East,013x6597700,013x6597700,082 819 4353,Closure
Cliffendale Motors,Gary Venn,Cliffendale Drive Faerie Glen,I North,012 991 0123,012 991 0124,082 929 9708,Willem Goudriaan
Clive's ss,Clive Husband,Industry Rd Isando,G Centr,392-4576,974-2237,082-892-0104,Nkosinathi
Codonia Quick Stop,Dalene vd Westhuizen,Codonia Aven Waverley Pta,I North,012 332 0581,012 332 0581 ,083 458 5298,Willem Goudriaan
COLUMBINE S/STN,MORONGOE MALULEKE ,"272 COLUMBINE AV, MONDEOR",G SW,011 - 680 7905,011 - 680 7905,082 4150 914,Clint Gali
Conrad,Johan Wessels,Conrad Dr Blairgowrie,G Centr,886-1540,886-1540,082-855-5314,Nkosinathi
COOPERS,SHAKIR MOHAMMED,BYPASS ROAD MBABANE,G East,09268 404 7551,09268 - 4042926,,Willem Goudriaan
Copper Motors,Eric Liebert,Harold Greenfell St Messina,I North,015-534-2185,015 534 2195,082-951-1881,Willem Goudriaan
CORGI MOTORS,MANNY FRADE,"Cnr Boundary & Verwoerd Streets, Meyerton ",G SW,016 - 363 0742,016 - 363 0751,083 302 4798,Clint Gali
CORLETT DRIVE S/STN,Craig Ginsberg ,92 Corlett Drive,G Centr,011-887 8067,,,Nkosinathi
Cornwallview,Henk v Heerden,Piering St Elarduspark,G Centr,345-1892,345-5022,082-900-8602,Nkosinathi
Cosmopolitan (ex Kyasands),Denesh Ramraj,Hans Strijdom Dr Kya Sands,G Centr,708-3442,708-2687,083-324-5825,Nkosinathi
Country View,Jayant Pema,Lever Rd Countryview,G Centr,318-1614,318-1572,072-474-7477,Nkosinathi
Cozzy Corner (ex Welcome),Muzaffer Kummander,Cnr. 1st Ave & 1st Street. Marlboro,G Centr,011  4442232,,082 5524238,Nkosinathi
Craig Joss Motors,Craig Joss,Voortrekker Rd Gezina,I North,012 335 6464 ,012 335 0249,082 566 7403,Willem Goudriaan
CROSSMAN MOTORS,WYNANDA GREEF ,"85 BEZUIDENHOUT STR, LORENTZVILLE ",G SW,011 - 6149327,011- 614 9327,,Clint Gali
Crossroads Fill Stn,Sydney Marapjane,Marken Rd Mahwelereng,I North,015 485 0010,015 485 0010,072 102 6999,Willem Goudriaan
Crossroads S/Stn,R. Hallam,Mullens Road Malvern East,3rd East,011x6165000,011x6167762,,Muneer Patel
CRYSTAL PARK FILLING,,Sentrust St Crystal Park Benoni,3rd East,N/A,N/A,,Muneer Patel
CUSTOM MOTORS,Mr VALETIM,"BYPASS ROAD SIDWASHINI, SWAZILAND",G East,09268 - 603459,09268 - 4220746,,Willem Goudriaan
Cyrildene s/s,George Afonso,"31 Marcia Str,Cyrildene",3rd South,011 616-7632,011 616-7632,082 852 9767,Clint Gali
D & J Motors,Helgard Muller,Church Str Pretoria West,I North,012 327 0349,012 327 0350,083 459 4080,Willem Goudriaan
DALVIEW DIENSSTASIE,AADIL ADAMJEE,HENDRIK PORGIETER & BEKKER ST DALVIEW,G East,(011) 744 - 2383,(011) 744 - 2368,084 662 2345,Muneer Patel
Damdoryn Motors,Rodger Concalves,Old Rustenburg Rd Hartebeespoort Dam,I North,012 253 0953,012 253 1211,083 334 4849,Clint Gali
DANMAR F/S,MR VAN ROOYEN,44 JACOBS STR HEIDELBURG,G East,(016) 349 2048,ASK,,Muneer Patel
De Wiekus,Brandon Shaw,De Wiekus Rd Van Riebeeckpark,G Centr,976-1577,393-5260,084-625-6250,Nkosinathi
De Wildt,Luke Steyn,Plot 36. Krelingspost. De Wildt,3rd North,012 5041811,012 5041811,072 5224244,Willem Goudriaan
DEL JUDOR,DRIES MARX,GERINGER ST DEL JUDOR,G East,013 697 - 1009,013 692 - 4676,082 459 4162,Muneer Patel
Delfi Mtrs,Farhad Carrim,Fifth St Albertsville,G Centr,477-1020,086-612-7401,082-557-1872,Nkosinathi
Derdepark Motors,Piet vd Watt,Plot 190 Zambezi Drive Ext,I North,012 808 0402,012 808 0698,083 310 5418,Willem Goudriaan
Detroit ss,Kevin Cloete,Pretoria Rd Kemptonpark,G Centr,394-9086,394-9087,083-272-1549,Nkosinathi
DEVLAND CONV. CEN ,ISMAIL ABOOBAKER,"GOLDEN HIGHWAY, DEVLAND ",G SW,011-933 2567,011 - 938 5242,083 3692 284,Clint Gali
Dindar 2 (ex ABI),RIDWAAN DINDAR ,Taj Mahal & Madina. Azaadville,3rd West,011 4131415,011 4133138,,Clint Gali
DINDAR F/STN ,RIDWAAN DINDAR ,"CNR AZAAD & TAJ MAHAL AVENUE, AZAADVILLE",G SW,011 4131225,ASK ,082 851 7279,Clint Gali
Dinwiddie S/Stn,F.Louw,"Black Reef Rd, Dinwiddie",3rd East,011x9021400,011x9021400,823134362,Muneer Patel
DJ MOTORS,DAWID VILJOEN,CNR STUART & JOUBERT STR BALFOUR,G East,(017) 7730432,(017) 7730432,,Muneer Patel
Dodson Motors,Bonnie Sachane,Watermeyer Rd Meyerspark,I North,012  803 0841,012 803 0841,082 801 2944,Willem Goudriaan
Doringkloof,Wim Saaijman,"Asterlaan St3, Doringkloof Centurion",G Centr,667-1041,667-1300,082-578-1210,Nkosinathi
DP Tyres,Amanda van Eeden,Punda Maria Rd Thohoyandou,I North,015-964-1004,015 964 3017,082-301-8448,Willem Goudriaan
Dube S/Stn,K.Kubheka/Balanga,Mahalefele St. Dube Soweto,3rd South,011x9821063,N/A,082 958 6219,Clint Gali
Dumela S/Stn,CLOSED,CLOSED,3rd East,N/A,N/A,N/A,CLOSED
DUMOR MOTORS,SOCKS ARGYROU,"120 FOURTH AV GEDULD, SPRINGS",G East,(011) 811-4880,(011) 811 - 4881,082 375 1512,Muneer Patel
DUNEDEN S.S,MAC MCINTYRE,23 ANDRIES PRETORIUS ST EDENVALE ,G East,(011) 609 - 7007,(011) 609 -4439,082 777 7566,Muneer Patel
DUTTON MOTORS,PIETER,"Cnr Eric Louw & Fitchardt Streets, Sasolburg ",G SW,016 - 970 8000,016 - 976 2001,083 273 8795,Clint Gali
Dynamic S/Stn,Clive Pillay,Roussouw Road Wadeville ,3rd East,011x8243209,011x8243228,082 463 6142,Closure
EAGLE'S NEST S.S,AREND/SUSAN JANSEN,54 NIGEL ROAD DUNNOTAR,G East,,(011) 734 4540,083 442 0500,Muneer Patel
Eastvale S/Stn,Pier Jordaan,Outeniqua Rd. Mooder Eastt,3rd East,011x4231365,011x8281341,082 753 7152,Muneer Patel
Eastway Motors,Andrew Tzircalle,15th Ave Rietfontein,I North,012 329 3032,012 329 3033,083 327 2549,Willem Goudriaan
Easy Fill Stn,Ashraf Osman,217 Jewel Str Laudium,I North,012 374 6449,012 374 6429,,Willem Goudriaan
EBENHAESAER MOTORS ,JOHAN / ANNET ,"99 RUSTENBURG ROAD, KRUGERSDORP",G SW,011 - 660 5642,011 - 660 8868,083 556 2758,Clint Gali
EDELWEISS S/STN,KOBUS SMITH ,"2 GEMSBOK ST EDELWEISS, SPRINGS ",G East,(011) 363 - 1500,(011) 363 - 0749,082 373 0208,Muneer Patel
Edenburg CC (Zenex),Andre Jacquesson ,"6 De La Rey Ave, Edenburg, ",G Centr,807 7836,803 1917,082 5610 024,Nkosinathi
EDENGLEN MOTORS ,AHN YOUNG,CNR BAKER & FERERO RD EDENGLEN,G East,(011) 452 - 3602,(011) 452 - 2594,082 443 5093,Muneer Patel
ED's Toyota,,Closure,3rd West,014 577 1247,014 577-1080,082 571 1100,CLOSED
El Madre Motors,Philip Olivier,"108 Ferreira Street, Nelspruit",I North,013 744 1156,013 744 1385,082 551 1110,Willem Goudriaan
Elarduspark,Ria Strydom,Piering St Elarduspark,G Centr,345-2577,345-2577,082-879-1772,Nkosinathi
ELLIS PARK  S/STN ,THABANG MAQALEPO ,"Charlton Str, Ellispark, Jhb",G SW,011 - 402 2408,011 -  402 2409,082 386 8777,Clint Gali
ELM STREET S.S,RODNEY WOLMER,"CNR ELM & LINKSFIELD RD DOWERGLEN, EDENVALE",G East,(011) 453 - 2033,(011) 453 9268,083 260 8550,Muneer Patel
EM Mtrs,E.Mngomezulu,Main road Embalenhle Secunda,3rd East,017x6852573,017x6852573,083 552 5854,Closure
Emerald Motors,Johan Marx,"425 Playfair Boulevard, Vanderbijlpark",3rd South,016 9311799,016 9819006,072 493 7773,Clint Gali
Emmarentia,Avishkar Dukhi,Tana Rd Emmarentia,G Centr,888-9839,782-4477,083-379-3338,Nkosinathi
Empire s/s,ESSIE ESTERHUYSEN,Empire Road,G SW,011 - 482 5276,011 - 482 5903,082 4525 394,Clint Gali
ENGEN ERMELO,PIETER SENEKAL,VOORTREKKER ST ERMELO,G East,819 - 3943,811 - 2166,082 496 8219,Muneer Patel
Engen Hillcrest,Lourens Olivier,Duxbury Rd Hillcrest,I North,012 362 1021,012 362 1022,083 469 3322,Willem Goudriaan
Engen Isando ,Mohammed Cajee,Foundry Rd Isando,G Centr,974-6811,974-6811,083-229-5434,Nkosinathi
Engen Kelvin,Russell Ngwamba,Southway Street Kelvin,G Centr,802-3439,802-5366,082 888 1149,Nkosinathi
Engen Lydenburg,Abdool Kalla,"19 De Clerq Str, Lydenburg",I North,013 235 4302,013 235 4302,0827862768,Willem Goudriaan
Engen Plaza,Franz Reyneke,Oliver Tambo Ave Rustenburg,I North,,,082 453 1390,Clint Gali
ENGEN RIVER SQUARE,PETER / ELIZE ,"5 Nile Drive, Vereeniging",G SW,016 - 454 8686,Ask ,082 327 7726,Clint Gali
ENGEN THREE RIVERS,ISMAIL / ANVER,"48 Umtata Street, Vereeniging",G SW,016 - 423 7697,016 - 423 1178,083 232 8786,Clint Gali
Engen Tzaneen,Ehsan Hassim,38 Danie Joubert Str Tzaneen,I North,015 307 4408,015 307 1058,082 786 4409,Willem Goudriaan
ENGEN VAN BUUREN,NIREN HARDUTH,CNR KLOOF & VAN BUUREN RDS,G East,(011) 450 - 1134,(011) 450 - 4378,082 451 0614,Muneer Patel
ENGN PIT-STOP ERMELO,MUHAMMED/BHYAT,63 KERK STR ERMELO,G East,(017) 811 1987,ASK,082 450 7723,Muneer Patel
Entanya,Nyamane Enoch/Lizzie,701 Block G. Soshanguve,3rd North,012 6634718,012 7976301,083 9863084,Willem Goudriaan
Erasmusrand,Johan Slabbert,Rigel Ave Erasmusrand.,G Centr,347-0566,347-1230,082-465-0940,Nkosinathi
ETETENI RET CEN,MR DLAMINI/MDZINISO,MATSAPA/MANZINI HIGHWAY SWAZILAND,G East,09268 -5187758,ASK,,Willem Goudriaan
EVANDER GARAGE,GERT HATTING,McGILL Dr EVANDER,G East,632 - 2268,632 - 2903,083 462 9952,Muneer Patel
Everon Fill Stn,Evelyn Rasebotsa,Mettlife S/CEN Lebowakgomo,I North,015 633 7033,015 633 7031,082 663 5229,Willem Goudriaan
Faerie Glen Motors,Annatjie Delport,Selikats Causeway Faerie Glen,I North,012 991 0784,012 991 3310,082 902 0095,Willem Goudriaan
Fairlands (Zenex Randpark),Cassim Docrat,Wilson St Fairlands,G Centr,678-1812,678-0485,082-415-8960,Nkosinathi
FAIRVIEW MOTORS,ODENDAAL ,"COMMISSIONER STREET, MALVERN ",G SW,011 - 614 8422 ,,083 448 8745,Clint Gali
Faranani S/Stn,E. Matshidza,Van Osellen circle Zone 9 M/lands,3rd South,011x9886673,011x9886675,082 558 4238,Clint Gali
Fenyane Ser Stn,Molefe Phayane,Tsomo Str Mamelodi West,I North,012 805 7943 ,012 805 2853,073 231 1278,Willem Goudriaan
FERROBANK MOTORS,PETROS SKOSANA,"18 SCHONLAND DR FERROBANK, WITBANK",G East,(013) 696 2558,(013) 699 2558,082 222 5198,Muneer Patel
FIFTH AVENUE MOTORS,PETER DAVISSON,2 FIFTH AVENUE NORTHMEAD,G East,(011) 849 - 7017,(011) 849 - 0634,083 230 7403,Muneer Patel
FLAMINGO,MIKE THOMPSON ,"CNR KELLY & YALDWIN STR, JET PARK",G East,(011) 397 - 4740,(011) 397 - 4325,082 7771 510 ,Muneer Patel
Flora Motors,Gerrit Claassen,"501 Ontdekkers Rd, Florida Hills",G Centr,472 1283,472 1283,082 453 8678,Nkosinathi
Florida Glen,Dewald Basson,Gordon Rd Florida Glen,G Centr,673-2064,673-2064,083-441-3237,Nkosinathi
FMS S/S,Imraan Essaka,Cnr. Sebenza & Kagiso Street. Kagiso,3rd West,011 4102325,,084 2510373,Nkosinathi
Fomiss Auto,MOHAMED OSMAN ,Cnr Comaro & Boundary Roads Oakdene ,G SW,011 - 496 1042,011 - 496 1044 ,082 850 6786,Clint Gali
FOMMIS ,ELIZE DU PLESSIS,Palladium St Carletonville,G SW,018 - 786 2402,018 - 786 2402,082 462 6515,Clint Gali
Fontana F Stn,Albert Botha,Grobler Str Polokwane,I North,015 291 2535,015 291 2755,082 785 9279,Willem Goudriaan
FORDSBURG S/STN ,HOORZOOK MOHAMMED ,"CNR MINT & AVENUE ROADS, FORDBURG ",G SW,011 - 833 7714,011 - 838 6906,083 838 6906,Clint Gali
Fossetts,Clive Oesche,Newton Rd Spartan,G Centr,975-5621,975-3631,082-925-1705,Nkosinathi
Foundersview,Leon Taljaard,R25 Foundersview,G Centr,011-452 9633,,,Nkosinathi
Fouries Garage,Louis Fourie,9 Westinghouse Boulevard V/D Bijl,3rd South,016x9312976,016x9312976,083 663 4982,Clint Gali
Fourways,Kotzee Leon,Moletlane Village. Limpopo,3rd North,n\a,n\a,082 4523109,Willem Goudriaan
GARDEN CITY QUICKFILL,SHIRAZ THOKAN,"CNR HIGH & BARTLETT STR, BRIXTON ",G SW,011 - 837 0919,011 - 837 1559,082 467 4841,Clint Gali
Garstkloof,Albert Strydom,Delmas Rd Wingatepark,G Centr,345-6108,345-6107,083-610-1259,Nkosinathi
Gateway,Sibongile Mgijima-Nzeku,"3 Sarel Baart Crescent,Rooihuiskraal",G Centr,012-6615408,012-6615668,082-744-9736,Nkosinathi
GC GYPSEY,GORDON HAMMOND,WATERMEYER ST WITBANK,G East,697 - 5121,692 - 5020,083 628 8865,Muneer Patel
GCWALISA CONV CEN,MR EVANS,BYPASS ROAD MANZINI HIGHWAY SWAZILAND,G East,09268 4047337,09268 4047327,,Willem Goudriaan
Geduld S/Stn,E.Olivier,Geduld Road Springs. ,G East,011x8114184,011x8111764,073 856 0009,Muneer Patel
George Storrar Mts,James Lourens,George Storrar Dr Groenkloof,I North,012 460 7427,012 460 4354,083 265 9714,Willem Goudriaan
GerhaldoVulstasie,Waldo Vorster,St Bernard Str Garsfontein,I North,012 998 1123,012 993 5954,083 525 9424,Willem Goudriaan
Glen Marais,Brandon Shaw,Monument Rd Glen Marais,G Centr,979-1712,979-1870,083-650-6899,Nkosinathi
GLENDOWER S.S,MOHAMED CHOPDAT,"101 LINKSFIELD RD GLENDOWER, EDENVALE",G East,(011) 453 - 0500,(011) 453 - 0181,082 894 8795,Muneer Patel
Glenhazel,Joey Osman,Northfield Ave ,G Centr,011-887 0755,,,Nkosinathi
Glenvista,MOHAMED JASSAT,Cnr 1 sneuberg & Bellairs Rds Glenvista ,G SW,011 - 432 3515,011 - 682 1812,,Clint Gali
Golden Harvest (ex Zenex),Neville Parsons,Witdoring St Sonneglans,G Centr,791-3532,791-3531,082-336-3502,Nkosinathi
Goodhope F/s,Lawrence Mosime,"Cnr Rustenburg and Boapong Rd, Bapong",3rd West,,,083 737 4553,Nkosinathi
GP Auto,,,3rd West,,,,CLOSED
Grasmere 1 Stop North,Herman Van Emmes,"N1 Motorway, Grasmere",1 STOP,011 8591650/1/2,011 8591117,082 940 1228,Muneer Patel
Grasmere 1 Stop South,Roger Naidoo,"N1 Motorway, Grasmere",1 STOP,011 8591650/1/2,011 8591117,082 922 5869,Muneer Patel
Groothoek,Venter Dan,Main Rd. Groothork. Moletlane,3rd North,015 2958432,015  2932328,,Willem Goudriaan
GT SS,Gerhard Strydom,Great North Rd Bonaeropark,G Centr,973-3356,973-3856,083-699-1713,Nkosinathi
GUNDU S.S,NOKUTHULA SIBEKO,"597 NDABEZITHA STR, TSAKANE",G East,(011) 738 4968,ASK,082 416 3927,Muneer Patel
Hadaf East,Hennie Fourie,DF Malan Dr Roseville,I North,012 379-6346,012 379-6345,083 290 3656 ,Willem Goudriaan
Hadaf West,Hennie Fourie,DF Malan Dr Roseville,I North,012 379-6346,012 379-6345,083 290 3656,Willem Goudriaan
Halls of Florida,Sandy & Hester Hall,"Cnr Goldman Street & 1st Avenue, Florida",G Centr,672 6382,672 6382,084 582 9236,Nkosinathi
Harris Avenue,Rusty Hornsby,Harris Ave. Edenvale,G Centr,011x4526014,011x4526014,083 256 3239,Nkosinathi
Hatfield Quick Stop,Tpoo Moosa,Cnr: Church & Gordon Str Hatfield,I North,012 342 3075,012 342 3082,082 777 8608,Willem Goudriaan
Hatson Mtrs,J. Govind,Nelspan Ave. Cassim Park Ermelo,3rd East,N/A,N/A,,Closure
Hectorspruit Motors,Raymond Baardman,"N4 National Road, Hectorspruit",I North,013 792 4716,013 792 4716,082 760 3212,Willem Goudriaan
HERCULES MOTORS,PETRUS HERCULE,17 KERK STR CAROLINA,G East,(017) 848 1160,ASK,082 772 2294,Muneer Patel
Hercules S/Stn,Gensler John,Cnr. 9th & 2nd Ave. Kew,3rd West,011 7864174,011  7864174,082 3974238,Muneer Patel
HERIOTDALE MOTORS ,ESSOP BALLIM ,"CNR WHITWORTH & LOWER GERMISTON STR, GERMISTON ",G SW,011 - 626 3406,ASK,082 786 0906,Clint Gali
Highveld 1 Stop East,Hendrik Mocke,"R21 Freeway, Kempton Park",1 STOP,011 9264001,011 9264027,082 903 1230,Muneer Patel
Highveld 1 Stop West,Andre Venter,"R21 Freeway, Kempton Park",1 STOP,011 9264003,011 9264027,082 870 3442,Muneer Patel
Highway Garage,Henning De Villiers,338 Hillside Holding. Randfontein,3rd West,011  6981511,011 6981511,082 9404576,Clint Gali
HIGHWAY GARDENS S.S,R Dinath,36 PARTRIDGE AVENUE HIGHWAY GARDENS,G East,(011) 452 2701,(011) 452 2701,084 518 5340,Muneer Patel
Hilltop s/s,Gustav Otto,"31 Rustenburg road, Magaliesburg",3rd West,,,,CLOSED
Hilltop Ser Stn,Kuki Nyamane,2151 Block F Soshanguve,I North,012 790 3794,012 797 6301,083 738 2011,Willem Goudriaan
HILLVIEW S/STN ,CHRIS MHLONGO,"117 TWIST STREET, HILLBROW ",G SW,011 - 642 4434,011 - 932 0236,,Clint Gali
HJ  Motors,Van Rensberg Willie,1 Beverly Drive. Hillshaven,3rd West,011 7561603,011 7561603,082 3747537,Clint Gali
Honeydew Conv Ctr.,Hans & Erica Marais,"5 Star Park, Beyers Naude Drive, Honeydew",G Centr,794 5605,794 6003,082 445 2254,Nkosinathi
Hoppy,Leo de Kleyn,Kwartel Rd ,G Centr,011-393 2778,,,Nkosinathi
Horisonview S/Stn,Mohammed,"Cnr Sonop & Hossack Str, Horizon View",3rd West,011 760 2181,011 760-2297,083 441 9489,Muneer Patel
HUGHES PARK,DOMINIC DE SALDANHA,"CNR JET PARK RD & SALIGNA ST, WITFIELD",G East,(011) 826 - 4778 ,(011) 826 - 6971 ,083 7070 473 ,Muneer Patel
Hurlingham Court CC,Iqbal Charfaray,"William Nicol Dr, Hurlingham,",G Centr,781-0194,787-4107,083-232-0859,Nkosinathi
Impala Motors,Rina Reyneke,"Cnr Thabazimbi & Thlou Str, Rustenburg",I North,014 593 4096 ,,082 961 8424,Clint Gali
Impala Petroport,Gert Grobler,"Cnr Palm & Kiaat Str, Phalaborwa",I North,015 781 3960,013 781 3960,082 492 5252,Willem Goudriaan
Impala Ser Stn,Gert Grobler,"Gravelotte Main Rd, Phalaborwa",I North,015 769 1290,015 769 1291,082 492 5252,Willem Goudriaan
Imperial Motors,Brian Shrosbree,"Old Pretoria rd Kaapsehoop, Nelspruit",I North,013 741 2025 ,013 741 4012,082 560 0122,Willem Goudriaan
INKANYEZI MOTORS,J. Mashaba,"Cnr Dlomo & Vulindlela str, Phola T/ship",G East,013x6451662,013x6451662,083 513 3423,Muneer Patel
Investor City Deep,LOUIS TOMES ,"CNR HOUER & HEIDELBERG ROADS, CITY DEEP ",G SW,011 - 623 1383,011 - 613 8102,083 268 7938,Clint Gali
Iris Mtrs,Jonathan Glajchen,86 Grant Ave,G Centr,011-728 7010,,,Nkosinathi
Israel Garage,Ngobeni Ernest,Orpengate Rd. Acornhoek,3rd North,013 7955029,n\a,,Closure
J & J van Ryneveld,Johan Ungerer,Theron Rd Pierre v Ryneveld,G Centr,662-1082,662-2163,082-781-6939,Nkosinathi
J MARCO S/STN ,JOHAN MAREE ,"CNR MAIN & BROWN ROADS, NEWLANDS",G SW,011 - 477 9344 ,011 - 673 3193,083 650 7557,Clint Gali
JABAVU ,MANDLA SHONGWE,"CNR PHAKE & MACHABA ROADS, JABAVU, SOWETO ",G SW,011 - 982 7565,011 - 982 3794,082 5082 748,Clint Gali
JABULANI S/STN,MOHAMMED ,"CNR KOMA & BOLANI STREETS, MOLETSANE, SOWETO ",G SW,011 - 930 3515,011 - 327 1156 ,083 263 0631,Clint Gali
JACK STREET CC,DIPS NAIK  / MAC MCINTYRE,JACK ST GERMISTON ,G East,(011) 873 - 8447,(011) 873 - 4981,082 7777 566,Muneer Patel
Jacqueline ss,RAMCHANDER SURAJPAL,119 JACQUELINE AV RANDHART ALBERTON ,G SW,011 - 864 2646,011 - 908 2991,083 6378 306,Clint Gali
Jakes S.S,Andrew  & Joanne  Gossman,"2 Dumat St, Roodepoort",G Centr,760 2985,760 2833,083 628 5360,Nkosinathi
JANMY DIENSTE,JANNIE MYBURGH,19A FONTEIN STR MIDDELBURG,G East,(013) 243 4541,ASK,082 228 9327,Muneer Patel
Jeff's Fill Station,Gavin Cocks,"Main Road, Kabokwene",I North,013 796 1893,013 796 1893,082 410 1984,Willem Goudriaan
JET PARK,AMANDA VAN NIEKERK ,"CNR GRIFFITH & WANDEL STR, JET PARK ",G East,(011) 397 - 4857,(011) 397 - 3214,082 4430 541,Muneer Patel
Jimmys Ser Stn,Joseph Motsepe,Main & Highway Rds Garankuwa,I North,012 700 0668,012 700 0668,082 554 2156,Willem Goudriaan
Johan's CC,Johan Vermaak,Olievenhout Rd  Northriding,G Centr,794-1914,958-0411,082-681-5299,Nkosinathi
JOHNNY'S ,JOHNNY JACOBS,v Riebeeck St Westonaria,G SW,011 - 754 1778,011 - 754 1777,082 366 5900,Clint Gali
Joost v/d Westhuizen Mts ,Johan Van Vuuren,Duncan Str Hatfield Pretoria,I North,012 430 3130,012 430 3131,082 554 9621,Willem Goudriaan
Juniors,Gilbert Kubheka,Welamlambo Section Tembisa,G Centr,,,072-700-9002,Nkosinathi
K90 S.S ,JIMMY KAKARNAKIS ,"CNR K90 AND NORTHRAND RD, BOKSBURG",G East,(011) 826 - 4302/4,(011) 826 - 5225 ,082 3223 515,Muneer Patel
Kamoso (Wilropark),Viloshnee Hari,"31 C R Swart Drive, Wilropark",G Centr,768 1837,768 1069,083 784 1953,Nkosinathi
KANA S.S,ELRICK VILJOEN,"CNR THEUNS & HANS STRYDOM STR, WITBANK",G East,(013) 692 5079 ,(013) 692 5079,083 650 3754,Muneer Patel
KANONKOP S.S,ANDRE DU PLOOY,"HENDRIK POTGIETER & SERING STR, KANONKOP",G East,(013) 243 0044,(013) 243 0047,082 373 6174,Muneer Patel
Kanyamazane CC,Shadrack Mashele,"Chirs Hani Drive, Kanyamazane",I North,013 794 4315,013 752 8577,072 454 7168,Willem Goudriaan
Karee Vulstasie,Joubert Anton,Walter Sizulu Drive. Obverwacht,3rd North,014 7634373,n\a,082 5734106,Willem Goudriaan
Katleho Garage,D. Mphou,Black Reef Road Katlehong,3rd East,N/A,N/A,083 963 1333,Muneer Patel
Kays Ser Stn,Faziel Hoosen,Boom Street Pretoria,I North,012 323 2484 ,012 323 2480,083 600 2644,Willem Goudriaan
Kempgen,Chris Laas,Voortrekker Rd Kemptonpark,G Centr,394-4065,394-4066,083-727-7750,Nkosinathi
Kempton Park,Renato Morasutti,CR Swart Dr Kemptonpark,G Centr,394-3384,394-4810,072-416-2649,Nkosinathi
Zenex Kensington B,Mervin Toi,219 Hendrik Verwoerd Dr Randburg,G Centr,886-4220,886-7175,084-240-0891,Nkosinathi
Kensington S/Stn,Wynand Greef,"Kitchner Ave & Kent Street, Kensington",3rd South,011 6142053,011 6148214,082 335 3880,CLOSED
KEYWEST ,ROLF DE WET ,Paardekraal Road Krugersdorp,G SW,011 - 273 0176,011 - 273 0176,082 820 7414,Clint Gali
KHUBONYE S.S,JOHN MASEKO,6490 NDABEZITHA STR TSAKANE ,G East,(011) 738 1032,(011) 738 9384,082 293 0965,Muneer Patel
Khubvi F/S,Eunice Mphigalale,Khubvi Village Mutale,I North,015-968-0022,015 968 0022,072-3157072,Willem Goudriaan
Killa City,Henry Brends,,3rd South,011 622-7608,011 655-7608,,CLOSED
KILLARNEY ,DAWIE LUBBE,"60 RIVIERA RD, HOUGHTON",G SW,011 - 486 1424,011 - 646 3612 ,082 7738 705,Clint Gali
Klipdrive ss,ESSIE ESTERHUYSEN,Cnr Klipdrive & Southdale Str West Turfontein,G SW,011 - 434 1798,011 - 434 1884,082 452 5394,Clint Gali
KLM S/Stn,No dealer,Stand 93. 4th.Street. Wynburg,3rd West,018  771 -2221,018 7712032,082 5729417,Closure
Kloof Motors,Bos Groenewald,Brink Street Rustenburg,I North,014 592 6379,014 592 7952,082 559 7952,Clint Gali
Kranskop 1 Stop North,Johan Kriel,"N1 Motorway, Warmbaths",1 STOP,014 7171009,014 7174026,083 652 1905,Muneer Patel
Kranskop 1 Stop South,Jaco Rossouw,"N1 Motorway, Warmbaths",1 STOP,014 7181200,014 7174026,083 236 7520,Muneer Patel
Kritzinger ss,WERNER KOEKERMOER,99 KRITZINGER S VERWOERDPARK,G SW,011 - 902 5309 ,011 - 902 5257,082 5606 048,Clint Gali
Kroonvaal 1 Stop North,Jan Du Toit,N1 Highway towards Kroonstad,1 STOP,,,,Muneer Patel
Kroonvaal 1 Stop South,Wolf Hamm,N1 Highway towards Kroonstad,1 STOP,,,,Muneer Patel
KUTLOANO  S/STN ,PHINEAS MAGABE,"Cnr Stanley Union Avenue, Vereeniging",G SW,016 - 455 4961,016 - 455 4968,084 073 6184,Clint Gali
KWA THEMA CONV CEN,NOVEMBER MBELE,"CNR KGASWANE & NKOSI, KWA THEMA ",G East,(011) 736 - 6710,(011) 736 -9375,072 1778 690,Muneer Patel
Kwaggasrand Mts,Robbie Roberts,144 Middle Crescent Kwaggasrd,I North,012 386 3620,012 386 9252 ,082 787 5967,Willem Goudriaan
Kwenapark Ser Stn,Glenda v Deventer,Hendrik Verwoerd Ave Brits,I North,012 250 0137,012 250 0146,082 822 1948,Clint Gali
L & L Petrol,,,3rd North,,,,Willem Goudriaan
L & P S.S,THABO MAUPA,"19959 MC BOTHA AVENUE, VOSLOORUS ",G East,(011) 9066617,(011) 613 1236,083 326 9639,Muneer Patel
Lakeside,Jim Ndene,Pretoria Rd Birchleigh,G Centr,972-9219,972-2874,083-992-7103,Nkosinathi
Lammers (Pta Gardens),Rabie Willem,v\d Hoff Road.Pretoria Tuine,3rd North,012 3771351,012 3771351,083 3242071,Muneer Patel
Langjan S/Stn,Jan Bexuidenhout,13 Voortekker St  Caroline,3rd East,017x8431068,017x8431069,828007782,Closure
Lebowa Trek,Mmotong Lesedi,"Bergersfort Rd.,Bolopa Village",3rd North,n\a,n\a,827433271,Closure
Lekazi Motors,Mabel Mabuza,"Chris Hani Drive, Kanyamazane",I North,013 794 4155,013 794 4155,082 808 9700,Willem Goudriaan
Lekoko S/stn,Tariq Sherhzad,Lekoko St. Mhluzi Middelburg,3rd East,,,082 819 4353,Muneer Patel
Lenasia S/Stn,Ridwan Khan,Lenasia,3rd South,011 854-9944,011 854 -3214,,Clint Gali
Lethabo,David Malatsi,Gahlanso Section Tembisa,G Centr,925-7700,315-4637,082-567-7814,Nkosinathi
LINBRO S/STN,Marco Kienast ,4 Starfield Rd,G Centr,011-608 2068,,,Nkosinathi
Lincoln S/Stn,Tariq Sherhzad,2 Lincoln Road Benoni Southrd. ,3rd East,(011)421 -7770,(011)421 -4742,082 819 4353,Muneer Patel
Linden Garage,Marco Mario,53 4 th Ave. Linden,G Centr,011 782 5434,011 782 5435,072 3980432,Nkosinathi
Linksfield,Lew  Baker,177 Club St,G Centr,011-640 3104,,,Nkosinathi
Liverpool S/Stn,S.Moodley,Liverpool Rd Benoni,3rd East,011x4219060,011x4215805,082 253 4857,Muneer Patel
LOMBARDY S/STN,Vincent Molokwu,1 Currie Road,G Centr,011-882 3323,,,Nkosinathi
Lonehill Boulevard CC ,Martin Gouws,"317 Lonehill Boulevard, Lonehill",G Centr,465-1232,465-1232,083-265-2930,Nkosinathi
Longmeadow 1 Stop,Jamie Third,"Parkway North Road, Edenvale",1 STOP,011 6082150/2155,011 6082158,082 897 7666,Muneer Patel
Lyndhurst,Daleen Van Staden,69 Johannesburg RD. Lyndhurst,3rd West,011 7862937,011 887-2776,082 551 1528,Nkosinathi
Lyttelton,Hennie v Schalkwyk,Cantonments Dr Centurion,G Centr,664-5587,664-1679,083-449-3383,Nkosinathi
M & H S.S,DAVID MOTSHWENI,5546 EISELEN STR DAVEYTON ,G East,(011) 424 1687,ASK,082 901 6378,Muneer Patel
M & M s/s (Enterprise Mtrs),Ismail Bhabha,"Cnr Ontdekkers & Starling Roads, Horizon View",G Centr,760 4691,760 4691,072 570 5040,Nkosinathi
M & M S/Stn,F. Mokoena,Van Osellen circle Zone 9 M/lands,3rd South,011x9368443,011x9368811,082 576 2931,Clint Gali
MA-AFRIKA S/STN ,DAN RABOTHATA,"STAND 3702 BENDILE ROAD, ZOLA NORTH, SOWETO ",G SW,011 - 930 1449,Ask ,083 648 0300,Clint Gali
Mabopane Motors,Vincent Sepuru,Plot 80 / 40 Onderstepoort,I North,012 561 1275,012 561 1333,082 908 2868,Willem Goudriaan
Mabulalambiza ss,THOKO NTULI ,"6024 KHUMALO STREET, TOKOZA ",G SW,011 - 905 5664,,083 5738 018,Clint Gali
MACKENZIE PARK MOTORS,JOHAN/BLACKIE SWART,"2 KESTRELL LANE MACKEKZIE PARK, BENONI",G East,(011) 422 - 4051,(011) 422 - 4051,082 377 3066,Muneer Patel
Maders,Louw Rikie,Paul Krugers Street. Mayville,3rd North,012 3356878,012 3356878,,Willem Goudriaan
Madumeleng,Malogadihlare Gilbert,Madumeleng Village. Madumeleng,3rd North,n\a,n\a,,Willem Goudriaan
Magalieskruin Motors,,Braam Pretorius St Magalieskruin,I North,,,,Willem Goudriaan
MAIN MOTORS,I Jacub,55 MAIN STREET WITFIELD,G East,(011) 826 4471,(011) 826 2021,083 578 0993,Muneer Patel
Main Road CC,Fayaz Alli ,"Stand 802, Main Rd,  Bryanston",G Centr,706 4557 ,706 5170,082-851-8829,Nkosinathi
MAKGALEMELE RET CEN,TREVOR / OUPA ,22004 MOSHOESHOE ROAD SEBOKENG ,G SW,016 - 592 9172,073 860 2990,082 468 4110,Clint Gali
Malelane Toyota,Johan Horn,"Air Street, Malelane",I North,013 790 0202,013 790 0202,083 265 4245,Willem Goudriaan
Mansingh,Dr. MK Mansingh,57 Orange River Road. Toekomsrus,3rd West,011  6930009,011 852 4222,082 5613310,Clint Gali
Maraisburg Conv Ctr.,Andrew Sibeko,"Cnr The Links & Maraisburg Rds, Maraisburg",G Centr,474 1717,474 1715,083 652 5479,Nkosinathi
MARANATA RET CEN,NICO TRUTER,KERK STREET MIDDELBURG,G East,(013) 243 2642,ASK,082 875 9898,Muneer Patel
Maranello,Rob Dubbini,John Vorster Dr Randparkridge,G Centr,762-7012,762-3410,083-400-9944,Nkosinathi
Marikana Motor Dienste,Carla De Loureiro,Main Road Marikana,I North,014 572 3790,014 572 3790,,Clint Gali
MARIMBA GARDENS SS,SHAUN PIETERSON,"7149 SAM SEKWATI AVENUE, VOSLOORUS ",G East,(011) 863 2958,ASK,083 604 0806,Muneer Patel
Market Gateway,LAUREN FRAME,"Majorie Street, City Deep",G SW,011 - 613 4716 ,011 - 623 1917,083 600 0122,Clint Gali
MASAKHANE ,ELRICK VILJOEN,ISAMBAN ST KWA GUQA TOWNSHIP,G East,698 - 0260,699 - 0208,083 650 3754,Muneer Patel
MATATA GARAGE,MR HUNT  HOLLEY,MAIN ROAD MATATA SWAZILAND,G East,09268613 5838,09268 3646050,09268 6025830,Willem Goudriaan
Mayberry Park ss,MOHAMED ASVAT ,CNR ONYX & DELPHINIUM ST MAYBERRY PARK,G SW,011 - 900 4207 ,011 - 900 4207,083 2584 739,Clint Gali
MAYFIELD S/STN,JAY NAKA ,"SPRINGBOK / SILVER , MAYFIELD PARK",G SW,011 - 943 4284,011 - 943  4286 ,083 628 6228,Clint Gali
Mayibuye S/Stn,Petros Skhosana,WA Botha ST. Ackeville Witbank,3rd East,013x6963000,013x6963000,082 222 5198,Muneer Patel
Mc Denneboom S/Stn,Kelman Chilwane,22104 Ndlazi Dr Mamelodi West,I North,012 805 4552,,083 262 1325 ,Willem Goudriaan
MCNALLY PANELBEATERS,THYS BOTES ,"Currie Boulevard & Langehoven Street, Vanderbijl Park ",G SW,016 - 986 0120,,,Clint Gali
MEADOWPOINT SS,MIGHTY MWALE,"23674 HEKROODT CIRCLE, MEADOWLANDS ",G SW,011 - 936 6386,011 - 938 3848,082 465 9482,Clint Gali
Menlyn Quick Stop North,Chris Nortje,Atterbury Road Menlyn,I North,012 348 5492,012 348 1415,083 262 1267,Willem Goudriaan
Menlyn Quick Stop South,Chris Nortje,Atterbury Road Menlyn,I North,012 348 5492,012 348 1415,083 262 1267,Willem Goudriaan
MERAFE S/STN ,SHEDREK MASHELE,5 MABALANE ROAD MERAFE ,G SW,011 - 986 3311,,082 824 4523,Clint Gali
MERCURY S/STN,BUKS DU TOIT,"65 SAPHIRE & MERCURY RD, BENONI",G East,(011) 849 - 2720,(011) 849 - 8329,,Muneer Patel
MGM Motors,Casper Vorster/ Quintin,Nelson Mandela St Potgietersrus,I North,015 491 2203,015 491 3374,083 454 8111,Willem Goudriaan
MIDNIGHT MOTORS,ANDRE PIETERSE,"CNR STATION & DAVE ROAD, BETHAL",G East,(017) 647 5894,ASK,083 302 7404,Muneer Patel
Midrand Central,Fred Fourie,Old Pretoria Rd Halfway House,G Centr,805-7560,805-7563,082-787-5976,Nkosinathi
Midrand Olympic,Hassen,New Rd  Midrand,G Centr,315-8252,805-6324,083-728-2929,Nkosinathi
Midway Mews,Brian Shaw,Harry Galaun Dr Vorna Valley,G Centr,805-7504,805-8659,082-855-6537,Nkosinathi
Midway SS,Van Standen Pieter,"Cn. Siyabuswa & Dennelton Rd.,Marble Hall",3rd North,013 2612017,013 261188,,Closure
Millenium Walker St,French v Heerden,Walker Street Sunnyside Pta,I North,012 343 0466,012 343 4049,083 450 8183,Willem Goudriaan
Mimosa,Elize Jonker,Beyers Naude Dr Blackheath,G Centr,478-2679,476-8735,083-473-0272,Nkosinathi
Mindalore,Wagner Gert,Cnr. Farrel & Main Road. Krugersdorp.,3rd West,011 6647496,011 6647496,083 331 8221,Clint Gali
MINTY'S OF AMALGAM,AHMED SULIMAN,"CNR MAIN REEF & PRODUCTION RDS, DOORINGFONTEIN ",G SW,011 - 402 4566,011 - 402 0355,,Clint Gali
MINTY'S OF MARKET STR,AMIEN SULIMAN ,Cnr Siveright & Market Str Doornfontein,G SW,011 - 402 7785 ,011 - 402 0355,083 375 2078,Clint Gali
MINTY'S OF TYRES & MAGS ,AMIEN SULIMAN ,"80 BREE STREET, NEWTOWN ",G SW,011 - 836 7255,ASK,083 375 2078,Clint Gali
Minty's Tyre & mags,Amin Minty,"299 Bosman Street, Pretoria",3rd North,012 323 5341,012 325 7762,083 375 2078,Muneer Patel
Mitchell Str Mts,Johan Luis,456 Mitchell Str Pretoria,I North,012 327 0880,,083 308 9447,Willem Goudriaan
Mitsubishi,Douglas Mahwehwe,Hendrik Verwoerd Dr Centurion,G Centr,663-3240,663-4230,083 571 6857,Nkosinathi
MODEL RET CEN (Zenex),SOPHIA / STEPHEN,"Cnr Johan Le Roux & Galloway  Streets, Meyerton ",G SW,016 - 362 0431,016 - 362 0433,072 186 9700,Clint Gali
Modern Ser Stn,Anita van Niekerk,Thabo Mbeki Rd Mokopane,I North,015 491 6423,015 491 6423,082 9600 344,Willem Goudriaan
Monavoni,Shafi Mahomed Ali,R55 Monavoni,G Centr,012-668-1686,012-668-1685,082-621-7816,Nkosinathi
MONRESA Conv CEN,WESSEL DURANT ,"178 TRICHART RD, PARKRAND, BOKSBURG",G East,(011) 896 - 1411,(011) 913 - 0606,083 450 8737,Muneer Patel
Montana Crossing,Una Ramagodi,Zambezi Dr Montana,I North,012 548 9422,012 548 9423,073 231 1278,Willem Goudriaan
Montroux CC,Geetha Gowtham,Beyers Naude Dr Northcliff,G Centr,782-6866,782-6905,084-443-3842,Nkosinathi
Moodlays,Mohammed. Hussein,Block U. Mabopane,3rd North,n\a,012 7023706,082 389 9411,Willem Goudriaan
Mothutlung,Mofomme Marilyn,Stand 1929a Mothutlung Village,3rd North,012 323 3433,012 323 1738,083 5013445,Willem Goudriaan
Motocity ,Nico Durandt,Block E Mabopane,I North,012 702 7433,ask for fax,082 423 5318,Willem Goudriaan
Motorcall,Leon Fourie,Botha Ave Lyttleton,G Centr,664-7633,664-7880,082-301-6851,Nkosinathi
Mount Fuji,John le Cornu,Krogh St Louis Trichardt,I North,015-516-0294,015 516 1064,082-895-8340,Willem Goudriaan
Mountainview Conv Ctr.,Shaheer Seedat,"Hendrik Potgieter Road, Weltevredenpark",G Centr,475 3199,475 2856,082 511 1111,Nkosinathi
MULHANI MOTORS,MULDER ROSSOUW,"CNR PAUL SMIT & TURF RD, MUSHWELLDALE, BOKSBURG",G East,(011) 892 5102,(011) 892 4939,083 302 5666,Muneer Patel
Mystic River Inv,Wendy Sello,BZ Mdlazi Drive Mamelodi East,I North,012 801 2497,ask for fax,,Willem Goudriaan
Mzlikazi Ser Stn,Thea Bekker,"Main Road, Matsulu",I North,013 778 8103,013 750 1717,082 453 0511,Willem Goudriaan
N12 Motors,LYNETTE VAN ZYL,N12 Fochville,G SW,018 - 771 7999,018 - 771 7993,082 871 1655,Clint Gali
N3 TRUCK STOP,ESSAU MATHEBULA,CNR HEIDELBURG RD & BLACK REEF ROODEKOP,G East,(011) 866 1099,(011) 865 1633,083 7692769,Muneer Patel
Naboom Quickstop,Willem De Lange/Anton Venter,"Hans v Rensburg Street, Naboomspruit.",3rd North,015 491 3531,,,Willem Goudriaan
Naboom Toyota,Venter Anton,Hans v Rensburg Street. Naboomspuit,3rd North,014 7430161,014 7430382,n\a,Willem Goudriaan
Nape,Molepo Simon,Zone 7. Seshego,3rd North,015 223 3739,015 223 0119,082 754 3073,Willem Goudriaan
Ndlela S/Stn,B. Nkosi,Main Road Fernie Armsterdam,G East,017x8880125,017x8880081,082 406 3200,Muneer Patel
Neo Delta,Monica Mokgatswane,Pilane Street Garankuwa,I North,012 703 4354,012 703 5449,082 321 8364,Willem Goudriaan
New Market ss,THIGAMBARI PERUMAL ,80 VOORTREKKER ST ALBERTON,G SW,011 - 907 - 6514,011 - 907 - 6506,,Clint Gali
New Modder Mtrs,,New Modder Rd. Benoni,3rd East,011x4231365,011x8281341,,Willem Goudriaan
New Redruth CC,TEBOHO SEEKO ,"CNR NEWQUAY & RING RD NEW REDRUTH, ALBERTON",G SW,011 - 907 8779 ,011 - 869 9396,084 840 3449,Clint Gali
NEW SOUTH Conv CEN,GEORGINA GEMMILL ,"SOUTH MAIN REED & PLANTATION RD, NEW ERA",G East,(011) 250 - 1050,(011) 250 - 1051,,Muneer Patel
Ngodwana Motors,Mike Coen,"Tree Town Cnr N4, Ngodwana",I North,013 734 4541 ,013 734 4541,082 474 2337,Willem Goudriaan
NICTRU,NICO TRUTER,JAN VAN RIEBEECK ST MIDDELBURG,G East,282 - 4545,243 - 2194,083 206 9532,Muneer Patel
Nikanas Ser Stn,Monica Nkgoeng,Cnr Mareka & Komani St Atterridgeville,I North,012 805 1050,,082 569 2754,Willem Goudriaan
Nimrodpark,Hendry Hugget,Monument Rd Kemptonpark,G Centr,675-0338,970-2019,083-654-5268,Nkosinathi
Nirvana F Stn,Johan v Niekerk,Crescent Dr Nirvana,I North,015 292 3055 ,015 292 6204,083 313 9844,Willem Goudriaan
Nkowakowa Motors,Kas Nel,Bindzulani Shopping center Know,I North,015-303-1771,015 303 1771,083-740 9502,Willem Goudriaan
Noord Motors,Paul Esterhuizen,52 Napoleon Str Rustenburg,I North,014 538 0135,014 538 2557,082 821 9612,Clint Gali
Noordwyk,Cassim Kharbai,1226 Lever Rd Noordwyk,G Centr,318-2466,318-3083,082-774 6922,Nkosinathi
Norkempark,Ben Richardson,Mooirivier Dr  ,G Centr,011-972 7111,,,Nkosinathi
Northcliff Corner,Faizal Essack,Beyers Naude Dr Northcliff,G Centr,782-6392,782-1706,083-251-3775,Nkosinathi
Northgate SS,Bennie Maritz,Northumberland Rd Northriding,G Centr,794-3636,086-654-9286,083-458-8597,Nkosinathi
Northrand S/Stn,,Closed,3rd East,,,,CLOSED
NTLALETSENG S/STN ,SAM NYAMAH,"2125 RALERATA STREET, MOHLAKENG, RANDFONTEIN ",G SW,011 - 414 3677,011-475 0079,082-573-1956,Clint Gali
NTT Toyota ,Manie Fourie,16 Van Riebeeck St Groblersdal,I North,013 262 3051,013 262 3436,082 928 4734,Willem Goudriaan
Ntuli Ser Stn,Pieter van Staden,No 1 Kwagga zone C Kwaggafontein,I North,0,0,083 651 3017,Willem Goudriaan
NU-SOUTH S/STN,ISMAIL JAKUB ,"KLIPDRIVE DR / SOUTHDALE STR, WEST TURF ",G SW,011 - 433 8331 ,011 - 433  8329 ,082 5735 852,Clint Gali
Nylrivier,Breitenbach Sarel,Voortrekker Road. Modimolle,3rd North,014 7174855,014 7174855,082 904 9914,Willem Goudriaan
Oberon Motors,Henning van Wijk,Oberon Road Faerie Glen ,I North,012 361 7772 ,012 361 7772,082 576 7082,Willem Goudriaan
Orchards Motors,Jaco Zeeman,Jensen & Doreen Strs Orchards Pretoria,I North,012 549 2288,,082 742 4121,Clint Gali
O'REILLY MERRY CC,NICK TAOYSHANIS,CNR O'REILLY MERRY & 14TH AVE,G East,011 425 3854,011 425 3854,083 741 9438,Muneer Patel
ORIBI MOTORS,B.Venter,Jan van Riebeeck Middelburg,G East,013x2825010,013x2825010,082 494 8881,Muneer Patel
Orlando S/Stn,M. Mwale,Soweto Highway Orlando East,3rd South,011x9352192,011x9352192,082 465 9482,Clint Gali
OSIZWENI MOTORS ,ALPHEUS RADEBE ,"2386 OLD POTCH ROAD, DIEPKLOOF, SOWETO ",G SW,011 - 938 3361,011 - 938 9990,082 436 2553,Clint Gali
Othandweni ss,DAVID RAMAISA ,CNR KHUMALO & YENDE  ST TOKOZA,G SW,011 - 860 3919,011 - 905 9037,082 376 8788,Clint Gali
Ouklip Conv Ctr.,Johan Smit,"Ouklip Road, Wilropark",G Centr,764 2017,764 5636,083 266 7790,Nkosinathi
Oxford ss,PETER KOEKEMOER ,Cnr Glenhove & Oxford Str,G SW,011 - 327 2449,011 - 327 5005,082 783 3470,Clint Gali
PAARDEKRAAL ,ROLF DE WET ,Paardekraal Road Krugersdorp,G SW,011 - 953 4704,011 - 953 4704,082 820 7414,Clint Gali
PACK MOTORS,WYBRAND / MADELIEENE ,"Cnr Frikkie Meyer & Kelvin Boulervard, V/bijlPark ",G SW,016-932 1171,016 - 982 3834,082 335 7642,Clint Gali
Padi S/S,Sydney Marapyane,Unit A Lebowakgomo,I North,015 632 4189,015 291 2787,083-442-1649,Willem Goudriaan
PALM MOTORS,KOOS LE ROUX,532 STATION ROAD BETHAL,G East,(017) 647 1959,,073 167 4931,Muneer Patel
Palm Stop,Thompson Rob,Main Road. Bryanston,G Centr,011 465 5583,n\a,082 444 9817,Nkosinathi
Palm Valley Conv Ctr.,Shivarn Bachoo,"Cnr Victoria Avenue & Cascades road, Little Falls",G Centr,475 8971,675 1683,082 888 1988,Nkosinathi
PARK AUTO ,JOANNA / DANNY VAN AS,"Cnr Frikkie Meyer & Kelvin Boulevard, Vanderbijl Park ",G SW,016 - 931 1813,016 - 931 2501,082 823 1181,Clint Gali
Parkland,Lino Sequeiro,Parkland Dr Estherpark,G Centr,976-3024,393-5033,082-552-2213,Nkosinathi
PARKRAND,TONIE SWANEPOEL,"VAN WYK LOUW STR, CINDA PARK",G East,(011) 913 - 3560,(011) 913 - 3561,082 923 9437,Muneer Patel
Parktown CC,ANAND MOODLIAR ,Cnr St Andrews & St Dawids Place,G SW,011 - 484 7316,011 - 642 9922,083 297 9284,Clint Gali
Parkville Motors,Mike Coen,"Danie Malan St, White River",I North,013 750 1331,013 750 1331,082 474 2337,Willem Goudriaan
Pegasus Motors,Casper du Plessis,Lynette Str Kilnerpark,I North,012 333 6091,012 333 3284,082 377 1386,Willem Goudriaan
PELLY'S S.S,RIAAN PELSER,"CNR LAWRENCE & LOUW STR, DALPARK ",G East,(011) 915 4980,(011) 425 6145,082 693 3817,Muneer Patel
Petervale SS,Tipoo Moosa,Cambridge Rd Petervale,G Centr,803-4244,803-4244,082 777 8608,Nkosinathi
Petrolstop S Stn,Frank Hislop,Marshall Str Polokwane,I North,015 295 2915 ,015 291 1579,082 562 3456,Willem Goudriaan
PHILLIP ,BABSIE JORDAN ,Losberg Rd Fochville,G SW,018 - 771 2115,018 - 771 2115,082 452 8796,Clint Gali
Phokwane,Puane Phineas,Main Rd. Phokwane Village,3rd North,n\a,n\a,082 9607016,Closure
PIT-STOP KRIEL,M BHAYAT,BROWEY ST KRIEL,G East,648 -2277,648 - 2277,083 374 6870,Muneer Patel
Plaston Mtrs,T.Jacobs,Main Road Plaston Nelspruit,3rd East,013xx7414071,013x7414071,083 310 7250,Willem Goudriaan
Pomona Gardens,Achtar Seedat,Pomona Rd Kemptonpark,G Centr,979-1265,979-1124,083-601-1877,Nkosinathi
Powertune S/Stn,G. Porteus,Cnr 4th & 2nd St. Booysens,3rd East,011x8353178,011x8351493,082 600 1722,Muneer Patel
PR MOTORS,CLINTON CALLOKOPEN,CNR TEEBOS AVE CELTIS STR PALM RIDGE ,G East,(011) 904 1144,ASK,082 447 5499,Muneer Patel
Practical,Kotzee Leon,Bloodriver. Polokwane,3rd North,n\a,n\a,,Closure
PRESIDENTDAM MOTORS,WILLEM/ELAINE PRETORIUS,13 TINKTINKIE AVE PRESIDENTDAM SPRINGS,G East,(011) 816 1122,(011) 366 1603,083 370 4834,Muneer Patel
Pretoria East Mts,James Jacobs,Jacqueline Ave Garsfontein,I North,012 993 2053,012 993 2065,082 574 3045,Willem Goudriaan
Pretoria Motors,Andre / Anton,"302 Pretoria Rd, Silverton, Pta, 0127",I North,012 804 3496,012 804 3496,082 444 7447,Willem Goudriaan
Prime Corner Fill Stn,Hilton Glen,"Old Pretoria Road, Nelspruit",I North,013 752 8171,013 752 2703,079 890 3860,Willem Goudriaan
PRIMHILL S CEN,A Britz,131 CYDONIA RD PRIMROSE 1401 ,G East,(011) 825 - 7121 ,(011) 872 - 0871,082 335 5056,Muneer Patel
Princess Crossing Conv Ctr.,Rob Dubbini,"Ontdekkers Road, Roodepoort",G Centr,764 6217,762 3410,083 400 9944,Nkosinathi
Prinshof Motors,Hannes Kruger,Voortrekker Rd Prinshoff,I North,012 324 3055,012 324 0134,083 775 1207,Willem Goudriaan
Pronto  S/Stn,C. De costa,Commissioner St.Kemptonpark,3rd East,N/A,N/A,N/A,CLOSURE
Protea Motors,Allie Venter,102 Wildewy Ave Proteapk Rustenburg,I North,014 533 4010,014 533 2750,082 446 2029,Clint Gali
Queenswood Ser Stn,Chops Delport,Stead Ave&Fontana Rd Queenswood,I North,012 333 7193,012 333 0104,083 253 8375,Willem Goudriaan
RADEBE MOTORS,BOBOZA RADEBE,"298 OLD POTCHEFSTROOM RD, NANCEFIELD ",G SW,011 - 984 0433,011 - 984 0426,,Clint Gali
Rampi S/Stn,,4419 Temba & Makapanstad Rd,3rd North,012 717 2266, ,082 374 4347,Willem Goudriaan
RAND STADIUM TOYOTA,AMANDA,"256 TURF ROAD, TURFONTEIN",G SW,011-435 1270/3 ,011 - 435 9800,083 352 6300,Clint Gali
RANDFONTEIN ,SUHAYL MAMOOJEE ,Mainreef Rd Randfontein,G SW,011 - 412 2725,011 - 693 7824,083 442 4089,Clint Gali
RANDGATE S/STN ,ABOO ESSOP ,"CNR UNION STREETS & LAZER AVENUES, RANDGATE",G SW,011-693 5909,ASK ,072 209 7869,Clint Gali
Randparkridge,Cassim Ebrahim,Malope Rd Randparkridge,G Centr,792-8356,792-8356,084-513-1658,Nkosinathi
Rapi S.S,Geffrey Moanakwena,Cnr. Van Staden & Malan St Rustenburg,I North,014 592 1954,014 592 1954,083 338 7883,Clint Gali
Rayton Motors,Gerhard van Wyk,Naude Street Rayton,I North,012 734 4771 ,012 734 5682 ,083 304 7240,Willem Goudriaan
RENSBURG MOTORS,MAUREEN MINNY,CNR AG VISSER & SUTTMAN STR HEIDELBURG,G East,(016) 341 2795,ASK,,Muneer Patel
Restonvale,Yusof Mohammed,"Plot 2, R25, Route P91 ",G Centr,011-976 3406,,,Nkosinathi
Rhenosterspruit,Rosenderg Desmond,59 Riverside. Lenseria,3rd West,011 7012236,011  7012236,082 4626567,Muneer Patel
RIAAN'S AUTO ,EVERT JONKER ,"Cnr Union & Victorua Streets, Vereening",G SW,016 - 422 5586 ,016 - 455 4366,082 412 3009,Clint Gali
Ridderpark Motors,Ludwig Venter,Kruger Street Rustenburg,I North,014 596 6184,014 596 5870,082 460 0558,Clint Gali
RIDGEWAY CONV.,ISMAIL JAKUB,"8 SWARTGOUD STR, RIDGEWAY",G SW,011 - 680 2432,011 - 433 1460,082 5735 852,Clint Gali
Rissik Str Mts,Wimpie Knoesen,4B Rissik Str Polokwane,I North,015 297 1807,015 297 1807,082 895 3648,Willem Goudriaan
Riverside CC,Chris Koch,R40 Nelspruit,I North,,,083 556 4561,Willem Goudriaan
Rivonia CC ,Johan Byliefeldt,"270 Rivonia Rd, Morningside",G Centr,803-0935,803-6034,082-787-8865,Nkosinathi
ROODEKOP RET CEN,MOOSA MUHAMMED,"98 BLAAWBOK STR, LEONDALE",G East,(011) 866 2786,(012) 327 7864,084 600 0786,Muneer Patel
ROSEDENE Conv CEN,ZANELE NDABA,"CNR 186 PRETORIUS & BUDOLPH RDS, WITFIELD",G East,(011) 826 - 1912,(011) 826 - 4229 ,083 7832 293,Muneer Patel
ROSHNEE MOTORS,MOHAMMED ,"Cnr Iqbal & Tagore Drives, Roshnee ",G SW,016 - 556 1135,Ask ,082 846 0128,Clint Gali
Rossouw Str Motors,Org Marais,582 Rossouw Str Willows Pretoria,I North,012 807 4917 / 8,012 807 4919,083 737 5551,Willem Goudriaan
Route 21,Zonke Gama,Nelmapius Dr Irene,G Centr,345-5283,345-5142,083-375-3523,Nkosinathi
ROWHILL MOTORS,ISMAIL UNUS,"PAUL KRUGER & HOSPITAL RD, GEDULD, SPRINGS",G East,(011) 811 - 7865,(011) 811 - 7864,,Muneer Patel
Rudan 1 Stop,Nico Venter,"Cnr Jhb&Pta RdCross.R24&R27,Rustenburg",1 STOP,014 5971068,014 5972372,082 452 5382,Muneer Patel
RYNFIELD MOTORS,RAJESH NADOO,184 PRETORIA RD RYNFIELD,G East,(011) 849 - 2915,(011) 425 - 2403,084 502 0338,Muneer Patel
SA Democracy Mtrs,B.Zwane,Parkwood Ave. Chrissiesmeer,3rd East,017x8470005,,072 479 1023,Muneer Patel
Sabie 1 Stop,Keith Cogill,"146 Main Rd, Sabie",1 STOP,013 7642232,013 7642232,083 452 7532,Muneer Patel
SAKHILE S/STN ,DAN RABOTHATA,"740 CNR KWEZI & MASIMINI STREETS, MOFOLO, SOWETO ",G SW,011 - 988 900,011 - 988 2182,083 648 0300,Clint Gali
Sami-Safi,Cris Nell,Van Riebeeck Str VoortrekkerH.,I North,012 651 2811,012 651 5664,072 389 4401,Willem Goudriaan
SANDOWNVIEW S/STN,Mohammed Bhabha ,Cnr Grayson Dr & Helen Rd,G Centr,011-884 2737,,,Closed
Sandton Gate,Bharat,Cnr. Katherine & Vere.Sandton,G Centr,011 262 2039,011 887 0756,083 267 0006,Nkosinathi
Sandton Nissan,Robison Kern,Cnr. Woodlands & Rep. Hurlingham,3rd West,011 8863355,011 8863355,082 413 1166,CLOSED
Satchmos,Mark Pillay,165 Maunde Street Atteridgeville,I North,012 375 8279,012 375 7027,082 371 3958,Willem Goudriaan
SB Ser Stn,Bushy Makwakwa,23 Masopha Str Atteridgeville,I North,012 375 8449 ,012 375 8449,082 815 2928,Willem Goudriaan
Sebayeng,Janse Jason,Slomondale Rd. Sebayeng,3rd North,015 2764822,,,CLOSURE
SELCOURT S/STN,DEON DU PLESSIS ,202F NIGEL RD SELCOURT ,G East,(011) 818 - 1113,(011) 818 - 1650,083 229 5434,Muneer Patel
Shakes Motors,Seemola Glenton,"Lebowakgomo,Limpopo",3rd North,n\a,n\a,,Closure
SHALOM,EDMUND MOSS ,WATERMEYER ST WITBANK,G East,656 - 0864,350 - 0542,082 878 9156,Muneer Patel
Shampeni Garage,S. Nkosi,Daantjie Ring Road Kanyamazane ,3rd East,013x7810004,013x7810004,082 432 2525,Muneer Patel
SHEREENA MOTORS,AHMED CEEDAT,"216 RAILWAY STREET, GERMISTON ",G East,(011) 873 9671,(011) 873 9492,,Muneer Patel
SHERWOOD RET CEN,MARNIE STRYDOM,CNR CRAVEN & HOSPITAL ROAD BRAKPAN NORTH ,G East,(011) 740 9170,ASK,083 453 6713,Muneer Patel
Shimatis,Mandrew Ngobeni,Giyani Rd. Giyani,3rd North,015  8120395,015 8120395,082 957 5996,Willem Goudriaan
SIGNATURE MOTORS ,SHAHED DASOO ,"Cnr John Voster & Wantenaar, Sasolburg ",G SW,016 - 976 0555,Ask ,082 414 1754,Clint Gali
Silver Lakes Conv.CEN,Gert Fourie,Lynnwood Drive Lynwood,I North,012 809 1244,012 809 1245,083 631 0713,Willem Goudriaan
SILVERFIELDS ,EUGENE ROETS ,Deal Rd Silverfileds,G SW,011 - 955 4873,011 - 955 2658,083 265 3369,Clint Gali
Simarlo,Gert Vosloo,Hendrik Verwoerd Dr Hennopspark,G Centr,653-0341,653-5392,082-416-5980,Nkosinathi
SIMUNYE S.S,MR  SANDILE SKOSANA,4863 EXT 4 EMBALENHLE SECUNDA,G East,(017) 685 3328 ,(017) 685 3351,082 556 0969,Muneer Patel
Siroco,Sheekar Beharie,Hans Strijdom Dr Kya Sands,G Centr,704-4870,704-4869,082-411-4870,Nkosinathi
Siyabonga Conv Ctr.,Mohamed Abed,"Cnr Granville & Mainreef Road, Robertville",G Centr,472 1284,672 4373,082 411 6200,Nkosinathi
Siyabuswa Motor Clinic,Gugu Mahlangu,Nelson Mandela Dr Siyabuswa ,I North,013 973 1106,013 973 1106,083 701 6290,Willem Goudriaan
SIYATHELA S.S,NOVEMBER MBHELE,"1148 SONTONGA ROAD, KATLEHONG ",G East,,(011) 736 9375,072 177 8690,Muneer Patel
Siyaya Numbi,Bertie Pieterse,"6 Krugerpark Rd, White River",I North,013 750 1811,013 751 2348,083 628 0209 ,Willem Goudriaan
SIYAYA RET CEN,FRED ,"Cnr Percy Avenue & 2nd Street, Ennerdale ",G SW,011 - 855 6352 ,011 - 855 6381 ,082 455 1568,Clint Gali
Skinner Str Motors,Boet Oelofse,101 Skinner Str Pretoria,I North,012 328 3605,012 328 3605,083 829 9385,Willem Goudriaan
SKYSTOP,Louis Dippenaar,JHB International Airport Kemptonpark,G Centr,390-3148,390-1312,079-895-9725,Nkosinathi
SLABBERT MOTORS ,HENNO SLABBERT,"STATION STREET, OBERHOLZER ",G SW,018 - 787 5944,018 - 787 5943,083 229 9452,Clint Gali
SM MOTORS ,SILAS TSHABALALA ,"564 ZAMUKULUNGISA STREET, EMDENI ",G SW,,,082 484 9413,Clint Gali
SOBANTU S.S,SONNYBOY ZWANE,STAND 2161 EMBALENHLE SECUNDA,G East,(017) 685 2857,,082 932 9717,Muneer Patel
Solly Kharbai Mts,Solly Kharbai,Jewel Street Laudium,I North,012 374 5242,012 374 5258,082 579 5092,Willem Goudriaan
SONLIA S.S,BRAAM VAN ROOYEN,CNR SCHOEMAN & MAREE STR HEIDELBURG ,G East,(016) 341 6561,(016) 349 2048,082 755 8851,Muneer Patel
SONLIG S.S,BHABHA MOHAMED,69 BOTHA STREET MEYERVILLE BETHAL ,G East,(017) 712 1361,,072 240 0075,Muneer Patel
Sonop,Faizal Salajee,Old Pretoria Rd Halfway House,G Centr,805-2221,805-3206,083-326-0561,Nkosinathi
Sonskyn Ret/Cen,Sakkie Buys,19 Potgieter Str Bele-Bele,I North,014 736 2151,014 736 2151,083 601 2885,Willem Goudriaan
Sovenga,Banyini Sam,Mankweng. Sovenga,3rd North,015 2701000,015 23554391,,Willem Goudriaan
Spartan,Mohammed Cajee,Zuurfontein Rd Spartan X1,G Centr,974-6900,507-6282,083-229-5434,Nkosinathi
SPEEKS MOTORS,GERHARD SPEEKS,"61 KERK STR, BRONKHORSTPRUIT",G East,(013) 932 3691,(013) 932 1319,082 554 4807,Muneer Patel
Sphiwe S/Stn,Farouk Varachia,Vundla Drive Moroka Soweto,3rd South,011x9844062,011x6149981,082 788 4816,Clint Gali
Stadium Motors,Molefe Phayane,Kubone Drive Mamelodi West,I North,012 805 2856,012 805 2853,083 263 5350,Willem Goudriaan
STAR MOTORS ,RICHARD SEDINYANE ,"9188 Seeiso Street, Sharpeville",G SW,016 - 451 3908,,076 322 258,Clint Gali
Steeledale ss,NOMASOMI MTHAKATHI,Linroy Sreet Steeldale JHB,G SW,011x6131237,011x6131237,083 626 6097,Clint Gali
Stonage,Mukesh Desai,Repulic Rd Fontainebleau,G Centr,792-5771,782-2759,083-253-9457,Nkosinathi
Strijdompark,Jacques Jv Vuuren,Hans Strijdom Dr Strydompark,G Centr,793-6180,793-6180,083-456-3252,Nkosinathi
Strubenpark ,Johan v Staden,Schubart St Pretoria,I North,012 323-1763,012 325-5026,082-781-9781,Willem Goudriaan
Subway Motors,Jannie Kotze,"10th Avenue, Maraisburg",G Centr,672 8890,674 2634,082 453 4447,Nkosinathi
Sun City S Stn (ZENEX),Koen Dreyer,Main Rd Pilansberg Highway Sun Village,I North,014 552 1295,014 552 1295,083 292 4477,Clint Gali
SUNNYROCK MOTORS,KRISH RANGASAMY,"SPRINGBOK ROAD SUNNYRIDGE,BENONI",G East,(011) 828 1341,,083 753 7152,Muneer Patel
Sunrise S/Stn,C. Louw,Leon fererra Drive Reiger Park,3rd East,011x9101708,011x9101707,083 515 8291,Muneer Patel
Swartruggens Garage,Otto Husemeyer,Sarel Cilliers Str Swartruggens,I North,014 544 0017 ,014 544 0310,083 626 7576,Clint Gali
T & K S.S,ANDRIES MASHABA,,G East,,,,Muneer Patel
Tafelkop,Mokwena John Lesedi,Main Road. Groblesdal,3rd North,n\a,n\a,082 960 7016,Willem Goudriaan
Tahero Conv Ctr.,Rob Dubbini,"Corlett Drive, Witpoortjie",G Centr,762 4314,762 3410,083 400 9944,Nkosinathi
TECHNI MOTORS,NICOLENE / WOLF  ,"Cnr Playfair & Petter Streets, Vanderbijl Park ",G SW,016 - 981 1884,Ask ,083 230 0632,Clint Gali
Technopark,Ellis Lourens,John Vortster Dr Highveld,G Centr,665-5733,665-5735,082-853-7891,Nkosinathi
TEKANE MOTORS,SHAUN PIETERSON,SAM SEKATI AVE VOSLOORUS EXT 9 ,G East,(011) 675 0963,,,Muneer Patel
Tele FS (segoales tune up),Marapyana Sydney,Zone 1. Seshego,3rd North,015 2911077,015  2912787,083 442 1649,Willem Goudriaan
Temba Fill Station,Frits Smulders,"Main Road, Burgersfort",I North,013 231 7566,013 231 7567,083 611 6362,Willem Goudriaan
Temba Serv Station,Solomon Mohotsi,Jubilee Road Temba,I North,012 717 2843 ,ask for fax,082 776 5535,Willem Goudriaan
Tembisa (new),Sandile Sikhosana,Cnr Sam Molele St & Sam Molele Drive,G Centr,,,084-777-4434,Nkosinathi
The Reeds,Mohamed Kholvadia,Panorama St The Reeds,G Centr,012-661-7105,012-661-7106,084-548-7376,Nkosinathi
THEMBA MOTORS,THEMBA XABA,"5643 EISELEN ST ETWATWA, DAVEYTON",G East,(011) 962 - 5011/2,(011) 426 - 2921,083 626 6525,Muneer Patel
Theresa Park,Goosen Theo,Bokmakierie Street. Theresa Park,3rd North,012 7056084,n\a,n\a,Willem Goudriaan
Thokoza Ret Centre,ALFRED NDABA,"57A KHUMALO STREET, TOKOZA",G SW,011 - 905 1016,011 - 860 3127,083 350 8903,Clint Gali
Tirisanong,Marumo Sam,"Sotpans Rd. Mmotla Village,Pretoria",3rd North,n\a,n\a,,Muneer Patel
TOBY'S FORD ,TOBY ,"8112 ZONE 2, DIEPKLOOF, SOWETO ",G SW,011 - 938 9554,011 - 938 8958,,Clint Gali
Toit's Motors,Toit du Toit,Pretorius Street Hadfield,I North,012 430 6955,012 342 3238,082 568 6126,Willem Goudriaan
TOM CAMPHOR ,JANIE KOTZE,"CNR ANNET & STANLEY ROADS, JOHANNESBURG ",G SW,011 - 726 8103,011 - 726 1226,,Clint Gali
Top Queen S/Stn,George Coelhor,Queens Rd. kensington,3rd East,011x6161620,011x6161620,082 671 2181,Muneer Patel
Top Spot,Geoffrey Gaddin,Dennilton Road Dennilton,I North,013 262 2017,ask for fax,083 672 7739,Willem Goudriaan
TRADE ROUTE CC (NEW),DR EBRAHIM / JOSE',"CNR NIRVANA & CAPELLA STRS, LENASIA",G SW,,086 689 9222,073 166 5306,Clint Gali
TREK-IN,COENIE V/DER MERWE,Piet Retief St Standerton,G East,(017) 712 -2704,712 - 2704,083-235-3294,Muneer Patel
TRIOMF S / STN ,JOHAN MAREE,"CNR EDWARD & GOLD STREETS, TRIOMF",G SW,011 - 477 2450,011 - 477 2450,083 650 7557,Clint Gali
Tshilamba S/S,Dick Neluembeni,Main St Thengwe,I North,072-292-6323,Nil,072-292-6323,Willem Goudriaan
Umfula 1 Stop,Gerhard Pretorius,R512 Highway To Hartbeespoortdam,1 STOP,012 2531275,012 2532987,082 490 9988,Muneer Patel
UNCLE HARRY'S F/STN ,HARRY PAPPAS ,"CNR BATTERY & MAIN REEF RDS, RANDFONTEIN",G SW,011 - 693 1760,ASK ,082 850 7266,Clint Gali
Uncle Sams Mtrs,S. Poletsi,Seeiso Street Sharpeville,3rd East,N/A,N/A,828426183,Closure
Uncles Ser Stn,Tony Delgado,"37 Tom Lawrence Str, White River ",I North,013 751 1569,013 750 3007,082 670 4232,Willem Goudriaan
UNIPARK GARAGE,SOLLY ,"Cnr Martin & Noble Boulervard, V/Bijlpark",G SW,016 - 988 1505,016 - 988 1506,083 778 1424,Clint Gali
UNITED MOTORS ,VICTOR SITHOLE ,"29655 ROODEPOORT ROAD, MEADOWLANDS ",G SW,011 - 989 2256,011 - 493 0274,083 375 4555,Clint Gali
USAID AUTO S.S,HUSAIN ABASS,656 SOMA STREET ACTONVILLE,G East,(011) 420 0786,(011) 496 1044,083 786 7601,Muneer Patel
Vaal 1 Stop East,Wynand Van Zyl,"N3 Route Durban, Villiers",1 STOP,058 8210375,058 8210707,083 260 1526,Muneer Patel
Vaal 1 Stop West,Almaro Van Vuuren,"N3 Route Johannesburg, Villiers",1 STOP,058 8210375,058 8210707,083 260 1526,Muneer Patel
Valhalla Ser Stn,Kobus Jonker,78 Alarie Str Valhalla,I North,012 651 1549,012 651 1549,082 378 4984,Willem Goudriaan
Valley SS,Umesh Bhaga ,"62 Jan Smuts Ave, Bordeaux, Randburg ",G Centr,787-6413,886-8673,083-447-4113,Nkosinathi
Van Dyk S/Stn,S. Moosa,Van dyk Road Boksburg East,3rd East,N/A,N/A,082 786 3786,Muneer Patel
Vega S.S,Pieter Muller,Hans Strydom Drive Faerie Glen,I North,012 991 7583,012 991 7584,082 415 1891,Willem Goudriaan
Vereeniging BMW,Isabel. Wahlster,Voortrkker St. Vereeniging,3rd South,016x4213800,016x4225086,072 262 1140,CLOSED
Verwoerdpark ss,DERRICK ALLISON,CNR BRAUN & DRYSDALE ST VERWOERDPARK,G SW,011 - 902 1409,011 - 902 1409,083 4734 303,Clint Gali
VICKY'S MOTORS ,LYNETTE CAROLOUS ,"49 GOLDEN HIGHWAY, ARMADALE ",G SW,011 - 942 2522,011 - 942 2532,,Clint Gali
Village Mtrs,CHRIS KRUGER ,"20 VERMOONTEN ST BRACKENHURST, ALBERTON ",G SW,011 - 867 5921,011 - 867 5920,083 7254 862,Clint Gali
Vivo Fill Stn,Faan Greyling,Grobler Str Polokwane,I North,015 291 5711,015 291 5711,082 333 3449,Willem Goudriaan
VOSLOORUS S.S,LOWEN MAUPA,"76 MC BOTHA AVENUE, VOSLOORUS",G East,,(011) 444 7297,083 326 3996,Muneer Patel
WALKERVILLE S/STN ,,"Plot 85 Old JHB / Veree Road, Walkerville",G SW,011 - 949 2325,011 - 949 2772,084 617 8640,Clint Gali
Waterberg Toyota,Marinda (Manager),Voortrekker Str Nylstroom,I North,014 717 5335,014 717 5532,072 107 1764,Willem Goudriaan
WATERFRONT,JASON VENTER,C/R ORANGE STR. & KIESKAMMA DR,G East,244 - 3341,244 - 3342,082 321 2428,Muneer Patel
Watermeyer Motors,Stephan Venter,Watermeyer Road Valde Grace,I North,012 804 3254,012 804 3690,082 850 2163,Willem Goudriaan
Waverley,Mike Frangoulis,35 Scott St ,G Centr,011-440 1820,,,Nkosinathi
Webber S/Stn,H.Sooma,Webber Street Selby JHB. ,3rd South,011x4936063,011x4936064,082 922 9151,Clint Gali
WEMBLEY S.S,SHABIR/YUSUF,ATLAS ROAD BOKSBURG,G East,,(011) 918 5582,082 555 4486,Muneer Patel
Westbridge CC ,Johan v Vuuren,Hans Strijdom Dr Strijdom Park,G Centr,793-7214,791-2207,082-650-8672,Nkosinathi
Western Ser Stn,Martha Tlamelo,DF Malan Dr Pretoria West,I North,012 327 1412,012 327 1412,082 994 5202,Willem Goudriaan
Wierdapark,Johan Uys,Chris Hoogaard St Wierdapark,G Centr,654-4161,654-0460,082-801-0903,Nkosinathi
William Nicol CC,Haroun Gutta ,"Cnr William Nicol & Mattie Rds, Parkmore",G Centr,884-8660,884-8662,082-558-3307,Nkosinathi
Williams Motors,Eugene Williams,"Cnr Hendrik Verwoerd & Republic Rd's, Ferndale",G Centr,886-5953,886-5953,082-770-1192,closed
Willowcrest,Harsheen Ramjee,Judges Ave Cresta,G Centr,678-7521,678-7522,072-970-6289,Nkosinathi
Willows Motors,Ismael Sujee,Simon Vermooten Rd Wilgers,I North,012 803 0024,012 803 0024,082 859 7007,Willem Goudriaan
Wins Motors,Chris Botha,Witklip Street Ladana,I North,015-293-2961,015 293 2961,082 964 0906,Willem Goudriaan
Winterveldt Ser Stn,Aden Mokale,8557 Unit A Mabopane,I North,012 702 7413,012 702 7413,083 302 0987,Willem Goudriaan
WN Garage,,,3rd North,,,,Willem Goudriaan
Wongar,,,3rd North,,,,Closure
Woodlands SS,Gert Gouws,Cnr Woodlands & West ,G Centr,011-804 3910,,,Nkosinathi
Woodmead SS,Ismail Ravat ,Waterval Crescent,G Centr,011-804 6078 ,,,Nkosinathi
Wright Park Mtrs,ABDULLAH HASSEN,160 ELLIS DRIVE WRIGHT PARK SPRINGS,G East,(011) 813 2140,(011) 813 3563,,Muneer Patel
Yamorna,Bester Attie,Lyndenburg\ Tzaneen Rd. Tzaneen,3rd North,015 3072858,015 3073580,,CLOSURE
Yeoville Motors,Mimo/Patrick,"43 Raleigh Street, Yeoville",3rd South,011 6483001,011 6483001,083 729 3000,Clint Gali
ZAK PARK F/STN ,IMRAAN / ISMAIL ,"6 Clover Street, Zakariya Park ",G SW,011 - 859 1731,011 - 854 7617,082 338 5687,Clint Gali
ZAK'S F/STN ,PHILILE RADEBE ,"JACK WEEDEN ROAD, DIEPKLOOF",G SW,011 - 985 1050,011 - 985 0341,082 6396 629,Clint Gali
Zambezi Quick Stop,Nico Landman,Zambezi Dr Sinoville,I North,012 567 0801,012 567 0799,082 468 6215,Willem Goudriaan
Zenex Amalgam,AHMED SULIMAN,CNR INDUSTRIAL & BESEMER ROADS INDUSTRIA,G SW,011 - 661 4300,011 - 661 4306,,Clint Gali
Zenex Atteridgeville (closure),Matthew Letsoalo,Maunde&Moloantoa Sts Attridgeville,I North,012 373 8319,012 375 6796,082 644 7424,CLOSED
Zenex Barbeque Downs ,Benny Eichner,Dytchley Rd Midrand,G Centr,466-1838,466-1839,082-444-9736,Nkosinathi
Zenex Bedfordview,Minty Imraan,North Reef Road Germiston,3rd East,011x4553768,011x4501661,072 236 2823,CLOSED
ZENEX BLYVOOR,RICKY DE GOUVEIA ,"MAIN ROAD, BLYVOOR ",G SW,018 - 789 9702,018 - 789 9045,082 213 6490,Clint Gali
Zenex Boston, Bakesh Maganlal,Prinsloo Street. Tshwane,3rd North,012 3236878,012 374 6273,082 956 9895,Muneer Patel
ZENEX BREDELL MOTORS,FAROUK HASSEN,250 3RD AVENUE BREDELL ,G East,(011) 667 1510,(011) 967 1976,083 676 1786,Muneer Patel
ZENEX CARLTONVILLE,JOSE / PAULE,"2 ANNAN ROAD, CARLTONVILLE ",G SW,018 - 787 5831,018 - 787 4831,082 458 9792,Clint Gali
Zenex Centurion,Dick Rabia,Rabie St Centurion,G Centr,664-2513,664-2497,082-895-0203,Nkosinathi
Zenex Clayville,Peter Matshiva,Industrail Rd Clayville,G Centr,316-2726,316-3880,082-550-5931,Nkosinathi
ZENEX CYRILDENE ,NASH / JAY ,"1 COOPER STREET, CYRILDENE",G SW,011 - 616 9933,011 - 616 9933,,CLOSED
Zenex Dalpark,M. Shailesh,lawrence ave Dalpark,G East,011x9158748,011x9158741,082 386 1027,Muneer Patel
Zenex Dam Mts,Johan van Wyk,Plot 205 Kameeldrift East Pta,I North,012 808 0962,012 8080962,082 570 2025,Willem Goudriaan
Ferndale,Bruce Mallen ,"101 Oxford St, Ferndale",G Centr,792-1977,791-3530,083-727-7750,Nkosinathi
Zenex Geelhoutpark,Andrew Storm,Manlika & Wisteria Strs Geelhoutpk Rustb.,I North,014 592 0411,014 592 0451,082 255 5576,Clint Gali
Zenex Golf Club Terrace,Ronald & Elsabe King,Cnr Golf Club Terrace & Joachim van Pletter,G Centr,475 4800,768 7422,083 399 1221,CLOSED
Zenex Great North,IAN FRISBY,28 GREAT NORTH ROAD BENONI,G East,(011) 395 2147,ASK,082 876 9288,Muneer Patel
Zenex Hart,DAVID KAHTS ,"CNR HENNIE ALBERTS & HART STREETS, MEYERSDALE",G SW,011 - 867 3267,011 - 867 5215,082 458 6400,Clint Gali
Zenex Henico,Eugine Delport,"129 Kerk Street, Fochville",3rd West,018 771 2032,018 771 2032,082 572 9417,Clint Gali
Zenex Highveld,Ellis Lourens,John Vorster Dr Highveld,G Centr,665-1685,665-1692,082-853-4107,Nkosinathi
Zenex Isando,K. Sederis,4 Hurley Street Isando,G Centr,011x9745861,011x3924275,082 881 5844,Nkosinathi
Zenex Jeanlaan,Philip Lourens,Jean Ave Centurion,G Centr,664-1789,664-7492,082-893-5176,Nkosinathi
ZENEX KATLEHONG,NOMSA MATHEBULA,500 KHUMALO STR KATLEHONG,G East,(011) 905 9263,ASK,082 434 6697,Muneer Patel
ZENEX KLOPPERPARK,STEVEN CAPCAM,"317 BARBARA ROAD, EDENGLEN KLOPPERPARK",G East,(011) 974 5149,(011) 392 3139,082 650 3729,Muneer Patel
Zenex Kraalkop,De Frettas Sam,Potchefstroom Road,3rd West,018 7714924,018 7716261,823308523,CLOSED
Zenex Kyalami,Mark Bartlett,Arthur Ave Crowthorne,G Centr,702-2256,702-2255,083-310-3157,Nkosinathi
Zenex Laezonia,Rohan De Beer,Cnr R511 & N14,G Centr,669-0609,669-0122,082-857-6290 ,Nkosinathi
Zenex Lenchen,Joe Espach,LENCHEN Ave South Zwartkop X4,G Centr,663-4557,663-4668,072-298-6266,Nkosinathi
ZENEX MALVERN ,ABUBAKAR KHAN ,"417 JULES STREET, MALVERN ",G SW,011-782 - 6866,011 - 336 9080,083 417 6541,Clint Gali
ZENEX MEYER STREET ,FRITZ GULDENPFENNING ,"Cnr Meyer & Kruger Streets, Meyerton ",G SW,016 - 362 0130,016 - 362 0590,083 441 1260,Clint Gali
Zenex Morningside,Deon Humphries,Rivonia Rd  ,G Centr,011-804 4264,,,Nkosinathi
Zenex Motor City,Cinzia Fiocchi ,"Cnr Malibongwe & Hammer Rd, Strijdom Park",G Centr,792-7312,792-7313,082 709 1764,Nkosinathi
Zenex Motors,Chris,"Loopstr, Fochville",3rd West,,,,Closure
ZENEX NALEDI ,PETROS TSELE ,"1023 LEGWALE STREET, NALEDI ",G SW,011 - 934 1144,011 - 934 1144,082 932 4465,Clint Gali
ZENEX NORTHMEAD,THEO HATTINGH,CNR 1ST & 7TH AVE NORTHMEAD,G East,(011) 849 7131,(011)849 7131,082 784 9478,Muneer Patel
ZENEX OAKTREE ,BRIAN BEAN / JOHAN SMIT ,"41 OAKTREE PLOTS, STERKFONTEIN ROAD, KRUGERSDORP",G SW,011 - 956 6408,011 - 764 5636,083 266 7790,Clint Gali
Zenex Olivedale,Deon Viljoen,Olive Rd Olivedale,G Centr,462-1016,795-3993,083-271-5521,Nkosinathi
Zenex Rosslyn,Riekert Theo,Kitshoff Street. Rosslyn,3rd North,012 5415333,012 5492288,082 680 1966,CLOSED
Zenex Sampie,Vorster John,Jameson Rd. Derby,3rd North,014 5492060,014 5492060,,Clint Gali
ZENEX SEBENZA,PHILLIP WESSELS,CNR TERRACE & SMITH STREET EDENVALE ,G East,(011) 452 6524,(011) 452 6526,073 169 0797,Muneer Patel
ZENEX SEBOKENG ,BRIAN MOHALANE,"99 Moshoeshoe Street, Sebokeng ",G SW,016 - 591 7236,016 - 422 0314,082 353 6582,Clint Gali
Zenex Spartan,Mohammed,Plane Rd Spartan,G Centr,394-6315,394-6316,083-604-4646,Nkosinathi
ZENEX SUMMERFIELDS,EDWARD TAUTE,35 REIER ROAD ATLASVILLE,G East,(011) 894 7800,(011)849 7800,082 447 3210,Muneer Patel
Zenex SUNWARD PARK,BENNY RYNEKE,"JUNCTION CEN KINGFISHER AVE, SUNWARD PARK",G East,(011)913 0115,(011)9130212,083 512 4562,Muneer Patel
Zenex Twinpalms,Mohamed Kholvadia,Monument Rd Kemptonpark,G Centr,394-1706,975-2295,084-548-7376,Nkosinathi
Zenex Villiera,Mona Vos,"1047 Michael Brink Str, Villeria",3rd North,012 333 0426,012 333 2527,072 466 2878,Willem Goudriaan
Zenex Waterkloof,,"Hans Strijdom & Waterkloof ,Waterkloof",3rd North,,,,Muneer Patel
ZENEX WESTONARIA ,ANDRE VAN RENSBURG ,"CNR 100 EDWARD & MCGREGOR STREETS, WESTONARIA",G SW,011 - 753 3910,011 - 753 4165,082 335 8007,Clint Gali
Zenex Wilgers,Martin Coetzee,Lynwood & Simon Vermooten Rds Wilgers,I North,012 807 2153,012 807 2153,082 576 6822,Willem Goudriaan
Fourways CC (Znx William),Chris Georgiades,William Nicol Dr,G Centr,465-4439,465-4408,082-474-7106,Nkosinathi
Zone 5 S/Stn,Dan Rabothata,"Zone 5,Meadowlands,Soweto",3rd South,,,073 183 3655,Clint Gali
